Название;Сайт;Телефон;Email
Anhui Yulin New Material Technology Co., Ltd. , Китай;http://www.yulinpu.com;8 613 637 033 080;13637033080@163.com
Первый Бит , Россия;https://www.1cbit.ru;+7 (495) 748-07-77;1c@1cbit.ru
Guangdong Hengli Forklift parts Co., Ltd. , Китай;;13713388896;42151770qq@.com
Xiamen Value Intelligent Equipment Co., LTD. , Китай;https://www.value-forklift.com;8 613 860 122 277;83458717@qq.com
АССОЦИАЦИЯ ПРОФЕССИОНАЛОВ ПО УПРАВЛЕНИЮ ЗАКУПКАМИ , Россия;http://appminfo.ru;+7(985)921-50-19;appm@appminfo.ru
ЭНЕРГОНОМ , Россия;http://www.energonom.ru;79260961450;as@energonom.ru
Акку-Фертриб , Россия;http://www.akku-vertrieb.ru;74 952 281 313;av_info@akku-vertrieb.ru
Адванст Мобилити Солюшинз , Россия;https://m-infogroup.ru;+7 921-301-91-31;barinova.m@m-infogroup.ru
Консалтинг Логистических Систем, ООО , Россия;http://lsconsulting.ru;7(495) 317-14-57;bmn@lsconsulting.ru
ИНКОМ Индастриал , Россия;http://www.akom-industrial.ru;79397027975;brunovskyVV@akom.ru
Suzhou Deli Intelligent Logistics Technology Co., Ltd. , Китай;http://www.deliecnasrs.com;8 618 915 665 719;camelia.yan@delilogitech.com
Changxing Qiangsheng Machinery Co., Ltd. , Китай;http://www.qslift.com;8 615 957 263 737;carol@qslift.com
АВТОКАР, ООО , Россия;https://autocar-orel.ru;+7 (4862) 54-07-54;contact@autocar57.ru
Jinan Gradin Machinery Co., Ltd. , Китай;https://www.gradinlift.com;8 618 340 048 768;Contact@gradinlifts.com
ZAUBERG , Россия;https://zauberg.ru;8 (800) 707-66-79;ctokem@yandex.ru
Tianjin DLRACK Manufacture Co., Ltd. , Китай;http://www.dlracking.com;86-22-86853536;dl-rack@outlook.com
Shenzhen BLOVEDREAM Technology Co., Ltd. , Китай;https://blovedream.net;8 615 090 984 650;doris.yue@lckj.cn
Zhongshan RIZDA Castor Manufacturing Co., LTD. , Китай;http://www.rizdacastor.com;8,62E+12;elina@rizdacastor.com
Содружество производственников Цех , Россия;https://tcech.ru;;events@tcech.ru
KAMA PRES , Турция;http://www.kama.com;+90 538 011 14 62;export@kama.com.tr
Zhejiang Huahe Forklift Co., Ltd. , Китай;http://www.huaheforklift.com;86-576967967;forklift@chinahuahe.com
Невьянский машиностроительный завод, АО , Россия;http://nmz-group.ru;+7 (343) 310 2324;geka@nmz-group.ru
Валдай Роботы , Россия;https://vald.ai;+7 909 584 77 74;general.secretary@vald.ai
Газпромнефть-Снабжение , Россия;http://supply.gazprom;+7 (812) 448-00-51;gpns@gazprom-neft.ru
Mambaroll Drive Technology Co., Ltd. , Китай;http://www.mambaroll.com;13358054126;h.zhang@mambaroll.com
Suzhou Wesar Industrial Equipment Co., Ltd. , Китай;http://www.wesar.cn;8 618 635 228 133;helen.hao@wesar.cn
ПАЛЛЕТСНАБ, ООО , Россия;https://palletsnab.ru;+7 (499) 399-33-69;hello@palletsnab.ru
M3 Mobile;https://www.m3mobile.co;82220221341;hyoon@m3mobile.co.kr
Hangzhou Taichuang Industry Co., Ltd. , Китай;http://www.zjtcsy.cn;8 615 868 104 929;hztczyy@163.com
Август Борг ИАЦ , Россия;http://www.print-poisk.ru;74 957 870 677;iac@augustborg.ru
Гарпикс , Россия;https://garpix.com;8 800 234-50-56;inbox@garpix.com
Тюменский аккумуляторный завод, АО , Россия;https://tyumen-battery.ru;+7 (3452) 43-42-23;industrial@tyumen-battery.ru
МИДМАС, ООО , Россия;https://midmas.ru;74993223610;info.msk@midmas.com
Русток , Россия;http://www.rustok.ru;+7 (495) 374-84-63;info.rustok@yandex.ru
Фимако , Россия;http://Fimako.ru;;info@ fimako.ru
1ROLL , Россия;http://www.1roll.ru;+7 495 095 81 01;info@1roll.ru
ACGM , Россия;http://scrubberacgm.ru;+7(843)258-77-25;info@acgmclean.ru
Эдванст Энерджи, ООО , Россия;http://advanced-energy.ru;+7 47467 7-40-92;info@advanced-energy.ru
АгроПромШина , Россия;http://www.agropromshina.ru;74994033906;info@agropromshina.ru
Аидкон , Россия;https://aidcon.ru;8 800 550-19-17;info@aidcon.ru
AIRPACKER , Россия;http://www.airpacker.ru;74 951 771 562;info@airpacker.ru
Аметист Логистика, ООО , Россия;http://amethyst-logistics.ru;;info@amethyst-logistics.ru
АНТ Технолоджис , Россия;http://www.ant-tech.ru;74 957 857 228;info@ant-tech.ru
AsiaCara , Россия;http://asiacara.ru;8 (800) 600-58-63;info@asiacara.ru
Asia MH , Россия;http://www.asiamh.ru;78 007 757 918;info@asiamh.ru
АТЕУКО , Россия;http://www.ateuco.ru;+7 (495) 6468926;info@ateuco.ru
АЮКО, ООО , Россия;https://a-u-co.ru;74932590555;info@a-u-co.ru
НПО Группа Аванти , Россия;http://avgr.tech;78001004194;info@avgr.tech
АВС-ГРУПП , Россия;https://aws-group.ru;+7 (495) 085-60-65;info@aws-group.ru
AXELOT , Россия;https://www.axelot.ru;74959612609;info@axelot.ru
Бристоль Групп , Россия;http://www.bristolgroup.ru;+7 (495) 001-36-00;info@bristolgroup.ru
Chancee Robot , Россия;http://www.chancee-russia.com;74952780971;info@chancee-russia.com
Wenzhou Tianrui New Material Technology CO., LTD. , Китай;http://www.china-tianui.com;8,61E+12;info@china-tianrui.com
КОМИТАС, ООО , Россия;http://www.comitas.ru;+7 (499) 551-55-77;info@comitas.ru
НПО Композит, ООО , Россия;https://composit-tracks.ru;+7(4712)200-600;info@composit-tracks.com
Консид Технологии , Россия;https://considwms.ru;+7 495 197-85-50;info@considwms.ru
КОНСТРАКТОР РУС, ООО , Россия;https://www.constructor-storage.ru;+7 (812) 493-50-25;info@constructor-storage.ru
КС Инжиниринг, ООО , Россия;https://conveermash.ru;74956603971;info@conveermash.ru
Кластер Креономика , Россия;http://www.creonomyca.spb;+7 (812) 644-01-26;info@creonomyca.spb.ru
ZHEJIANG DAMON INDUSTRIAL EQUIPMENT CO., LTD. , Китай;http://www.damonroller.com;8,62E+12;info@damonroller.com
ДельтаЛизинг , Россия;https://deltaleasing.ru;78002000180;info@deltaleasing.ru
ДЕФАН, ООО , Россия;http://www.dephan.com;74952801291;info@dephan.com
ДиКом-Сервис, ООО , Россия;http://www.dikom.ru;+7 (812) 213-31-14;info@dikom.ru
ДиПОС , Россия;http://dipos.ru;+7 (800) 200 0120;info@dipos.ru
HUZHOU DP TECHNOLOGY CO., LTD. , Китай;http://www.dproller.com;8 615 968 202 763;info@dproller.com
ЭКОСКЛАД , Россия;http://eco-sklad.ru;8-800-222-89-98;info@eco-sklad.ru
Логистика Будущего. Бизнес-конференции , Россия;http://logconf.ru;79221202056;info@ekbpromo.ru
Эра Технологий, ООО , Россия;https://eraenergy.ru;+7 (928) 620-22-02;Info@elecera.ru
НИССА ИНЖИНИРИНГ , Россия;http://www.nissa-eng.ru;+7 (495) 956 5525;info@eng.nissa.ru
JAC HEAVY DUTY IMPORT & EXPORT CO., LTD. / ЕВРОКАРА-ПЛЮС , Россия;https://eurocaraplus.ru;78005557701;info@eurocaraplus.ru
ЕВРОКАРА-ПЛЮС , Россия;https://eurocaraplus.ru;78005557701;info@eurocaraplus.ru
SUZHOU FOBERRIA NEW ENERGY TECHNOLOGY CO., Ltd. , Китай;http://www.foberriabattery.com;+86 1361626759886-51;info@foberriagroup.com
Фогель Пауэр , Россия;http://fogelpower.ru;+7 (343) 226 0279;info@fogelpower.ru
ГЛОБИТ , Россия;https://globit.ru;+ 7 (499) 391 53 56;INFO@GLOBIT.RU
Айгрип Рус , Россия;https://www.igripstud.com;89166687478;info@igripru.ru
ИНТЕМ ЛАБ , Россия;https://inthemelab.com;8 (800) 101-26-96;info@inthemelab.com
CHL , Россия;http://www.ipm-ru.ru;+7 (499) 460-45-60;info@ipm-ru.ru
КАРЕКС , Россия;http://www.karex.ru;78005558818;info@karex.ru
ЛОГИРУС , Россия;http://www.logirus.ru;+7 499 653-72-26;info@logirus.ru
Складская логистика , Россия;http://logistcompany.ru;+7 (495) 199-83-28;info@logistcompany.ru
ЛОГИСТИКА 360 , Россия;https://logistics360.ru;+7(495)109-69-59;info@logistics360.ru
Artwms , Россия;http://www.artwms.ru;+7 (495) 401-67-89;info@lsstech.ru
МАШИНИЗ РУС, ООО , Россия;http://machinease.ru;8 (495) 19 19 523;info@machinease.ru
Меркодед , Россия;http://mercoded.com;+7(495) 1864470;info@mercoded.com
МЕТЕК , Россия;https://metech.ru;+7 (495) 780-97-09;info@metech.ru
ЛОГИСТИКА. ЖУРНАЛ , Россия;http://www.logistika-prim.ru;7 (495) 788-16-96;info@mg-agency.com
Погрузчикмск ООО , Россия;http://mimaforklift.com;8 800 551 39 15;info@mimaforklift.com.ru
Московская международная высшая школа бизнеса «МИРБИС» , Россия;https://mirbis.ru;+7(499)110-41-80;info@mirbis.ru
Модерн Лифтинг Солюшнз, ООО , Россия;http://www.mlsdock.ru;+7(495) 640 1187;info@mls.ltd
МОНОЛИТ, ООО , Россия;https://monolithus.ru;77812655311;info@monolithus.ru
ТМ-СЕРВИС, ООО , Россия;http://www.motorbaraban.ru;74957650185;info@motorbaraban.ru
Нью Лайн Инжиниринг, ООО , Россия;https://nleng.ru;+7(495) 374 95 76;info@nleng.ru
Новейшие Технологии ЛС , Россия;http://nt-ls.ru;88002009273;info@nt-ls.ru
ОКТРОН , Россия;https://octron.ru;74951829682;Info@octron.ru
ОКЗО СИСТЕМС , Россия;https://okzo-ost.ru;+7 (495) 223-64-98;info@okzoost.ru
ОСК , Россия;http://www.osk-group.ru;78003010159;info@osk-group.ru
ТИСО, ПК, ООО , Россия;http://www.pk-tiso.ru;+7 (812) 339-90-95;info@pk-tiso.ru
ПОГРУЗЧИК.РФ , Россия;http://pogruzrf.com;74 952 150 149;info@pogruzrf.com
POScenter , Россия;https://pos-center.ru;74965189441;Info@poscenter.ru
СПБелт, ПО , Россия;https://www.pospbelt.ru;78126444124;info@pospbelt.ru
Prombattery , Россия;http://prombattery.ru;74951907054;info@prombattery.ru
ПроШоп, ООО , Россия;http://www.proshop.ru;74 951 993 455;info@proshop.ru
РОБОСОРТ , Россия;http://robosort.ru;+7 495 664-93-44;info@robosort.ru
РМС , Россия;http://robotsman.com;+ 7 (499) 271 7175;info@robotsman.ru
Ронави Роботикс , Россия;https://ronavi-robotics.ru;+7(495)128 20 32;info@ronavi-robotics.ru
РСТ-Инвент , Россия;https://rst-invent.ru;+7 (812) 318-17-17;info@rst-invent.ru
РУСКЛАД , Россия;http://www.rusklad.ru;78 002 013 232;info@rusklad.ru
САОТРОН , Россия;http://www.saotron.ru;74 956 456 765;info@saotron.ru
САРТ, ООО , Россия;https://sart-msk.ru;8 (800) 222-20-21;info@sart-msk.ru
СКАМАТИК, ООО , Россия;http://scamatic.ru;+7 (499) 50-09-689;info@scamatic.ru
Сканкод , Россия;http://www.scancode.ru;+7 (495) 984-34-99;info@scancode.ru
Совет профессионалов по цепям поставок , Россия;http://www.scmpro.ru;74 956 548 717;info@scmpro.ru
Семаргл , Россия;http://www.semargl.pro;+7 (812) 702 10 21;info@semargl.pro
СИЛТЭК, ГК , Россия;http://siltech.ru;88 002 509 494;info@siltech.ru
СКЛАДСКИЕ ТЕХНОЛОГИИ, ООО , Россия;http://sklad-tehno.ru;78126426065;info@sklad-tehno.ru
SOLOS, завод стеллажного оборудования , Россия;http://www.solos.ru;73 833 739 704;info@solos.ru
Фотомеханика , Россия;https://sorters.ru;8 800 500 44 73;info@sorters.ru
СПЕЦСЕРВИС , Россия;http://www.spetsservice.ru;+7 (901) 731-73-00;info@spetsservice.ru
ССИ Решения , Россия;http://ssi-solutions.ru;+7 499 500 88 40;info@ssi-solutions.ru
СИСТЕМОТЕХНИКА , Россия;http://sstmk.ru;+7 (495) 255-03-39;info@sstmk.ru
СТАРКИТ , Россия;https://starkit.su;+7 (499) 202-00-00;info@starkit.su
Сервис-Телеком, ООО , Россия;https://s-telekom.ru;+7 967 085 61 00;info@s-telekom.ru
ЗАВОД СТЕЛКОН , Россия;http://www.stelkon.ru;74959255183;info@stelkon.ru
Стеллмарт , Россия;https://stellmart.ru;8 (812) 647-06-77;info@stellmart.ru
Suzhou Apollo Automation Equipment Co., Ltd. , Китай;http://www.sz-apollo.com;86-15151408535;info@sz-apollo.com
Shenzhen Weipaitengda Technology Co., Ltd. , Китай;http://www.szvpai.com;8 618 252 192 999;info@szvpai.com
Торговый Дом Техника для склада, ООО , Россия;http://tdtds.ru;+7(495) 221-70-77;info@tdtds.ru
Вертикаль, Торговый Дом , Россия;http://www.td-v.ru;+7 (831) 256 17 17;info@td-v.ru
Топлог , Россия;https://toplogwms.ru;74955043909;info@toplogwms.ru
ЦЕПЬИНВЕСТ, ООО , Россия;https://tsepi.su;+7 (495)134-31-31;info@tsepinvest.ru
ЮВЛ Роботикс , Россия;http://uvl.io;74959887334;info@uvl.io
Веб ВИКИ , Беларусь;https://vikijet.by;+375 29 645-3333;info@webviki.by
СюйГун Ру, ООО , Россия;http://www.xcmg-ru.ru;+7 (495) 995-26-33;info@xcmg-ru.ru
HITO Robotic System , Китай;http://www.hitorobotic.com;864 008 256 555;infoglobal@hitorobotic.com
РОББОКС, АО , Россия;http://www.robbox.ru;88005503300;ios@robbox.ru
Автомакон , Россия;http://automacon.ru;+7 (495) 664-23-93;its@automacon.ru
SHENZHEN ADY POWER TECH. CO., LTD. , Китай;http://www.adypower.com;86-18923804831;jason@adypower.com
Dezhou Gutailong Metal Co., Ltd. , Китай;http://www.gutailong.com;8 613 375 347 246;Joe@gutailong.com
Rubber King Tyres Pvt. Ltd. , Индия;http://khushbu.leuva;9,18E+11;khushbu.leuva@rubberkingtyres.com
Dongguan Yalide Technology Co., Ltd. , Китай;http://www.cjcrubber.com;8 613 532 686 108;krsales2@cjcmotor.com
Щербинский лифтостроительный завод , Россия;https://www.shlz.ru;74 957 396 739;lift@shlz.ru
Guangdong Gongyou Lift Slings Machinery Co., Ltd. , Китай;http://www.gongyougroup.com;8,61E+12;lift8@gongyougroup.com
Чебоксарский завод силовых агрегатов , Россия;http://www.chzsa.ru;+7 (835) 220 4243;mail@chzsa.ru
Huihao Industrial Manufacturing (Dalian) Co., Ltd. , Китай;http://www.hviho.com;86-13664285632;mail@hviho.com
ИСТК, ООО , Россия;http://www.istk.ru;8 (800) 533 93 20;mail@istk.ru
Тракресурс-Регион , Россия;http://liftnet.ru;78 001 005 727;mail@liftnet.ru
ФОМОС, ООО , Россия;https://fomos-eikto.ru;+7(903)567-80-08;marketing@fomos-eikto.ru
РД Групп, OOO , Россия;http://www.rdgroupltd.com;78123809520;marketing@rdgroupltd.com
ВИЗОР МОНИТОР, OOO , Россия;http://vizormonitor.com;74 955 454 126;mds@carvue.ru
МИКРОН ОПЫТНЫЙ ЗАВОД , Россия;https://ozm.ru;8 (800) 505 25 20;micron@ozm.ru
Mogu Forklift Parts Co., Ltd. , Китай;http://hotmail.com;86-15858295025;moguforklift@hotmail.com
NF GROUP , Россия;http://kf.expert;+7 (495) 032-68-64;nf@nfgroup.ru
Ай-Пласт , Россия;http://iplast.com;78002010016;office@iplast.com
МСА Аутомейшн , Россия;http://msa-automation.ru;+7 (812) 677-48-48;office@msa-automation.ru
АгроМаст , Россия;https://agromast.ru;8-800-500-53-75;online@agromast.ru
БумАльтернатива , Россия;http://www.bumalt.ru;+7 495 783 80 40;order@bumalt.ru
Wellland , Россия;https://wellland.ru;+7(495) 489-47-77;order@wellland.ru
ПЭК , Россия;http://www.pecom.ru;74956601111;pecom@pecom.ru
ЗАВОД ПИРС, АО , Россия;http://www.zavodpirs.ru;78 127 022 604;pirs@zavodpirs.ru
UNI LOGISTICS INC. , Китай;http://www.unilogistics.com;8 618 150 376 835;pln03@china-logistics.com
ЗАВОД ВОЛГА ПОЛИМЕР, ООО , Россия;https://www.polimer76.ru;8(4852) 583595;polimer25@polimer76.ru
АТОЛ , Россия;https://www.atol.ru;7 (495) 723-74-20;pr@atol.ru
Логистикс , Россия;http://leadwms.ru;+7 (495) 225-44-41;pr@logx.ru
Актио Рус, ООО , Россия;https://liugongactio.ru;74955450054;pto17@actio.ru
KENGIC Intelligent Technology Co., Ltd. , Китай;http://en.kengic;8 613 788 903 285;qiuyun.yu@kengic.com
OUTOFBOX.RU , Россия;http://outofbox.ru;+7 499 643-85-20;ra@jc.company
Qingdao Honest Edrive Equipment Co., Ltd. , Китай;http://www.hagvwheel.com;8 615 253 246 482;renee@h-edrive.com
Яндекс Роботикс , Россия;https://robotics.yandex;+7 495 739-70-00;robotics@yandex-team.ru
Раббер Берьер , Россия;http://колесо.online;79272553333;rubber.barrier@mail.ru
ЛИТДЖЕТ , Россия;https://litjet.ru;+7 (499) 521-12-29;sale@litjet.ru
НТ-ПАУЭР, ООО , Россия;https://zru.su;+7 (8634) 61-95-75;sale@zru.su
ЭвоКарго , Россия;http://evocargo.ru;+7 (495) 926-26-67;sales@evocargo.com
ДжиТи Лоджистикс, ООО , Россия;https://gt-logistics.ru;8 800 550 90 78;sales@gt-logistics.su
Инфоскан | Инлокер , Россия;http://inf-tec.ru;+7 495 995 59 13;sales@inf-tec.ru
Ин-Сток Текнолоджис , Россия;https://www.instocktech.ru;+7 (499) 322 30 43;sales@instocktech.ru
Nanjing Kingmore Logistics Equipment Manufacturing Co., Ltd. , Китай;http://www.kingmoreracking.com;86-25-86154260;sales@kingmoreracking.com
Lilainuo (Anhui) Transmission Technology , Китай;http://www.lilainuo.com;8 613 731 963 145;Sales@lilainuo.com
Медведь, Производственная компания , Россия;https://medved1.ru;+7 812 321-61-33;sales@medved1.ru
НЭТЕР , Россия;https://neter.pro;+7 800 250-01-89;sales@neter.pro
Ново Биай , Россия;http://novobi.ru;+7 (495) 215 10 82;sales@novobi.ru
0ptiCore - Автоматизация склада, транспорта, доставки , Россия;http://www.0ptiCore.ru;74953083020;sales@opticore.biz
ОКСЛИФТ, ООО , Россия;http://www.oxlift.ru;+7 495 120 90 97;sales@oxlift.ru
ФРУКТОНАД ГРУПП , Россия;http://www.shevcon.ru;74993509500;sales@shevcon.ru
Anhui Shuncha Machinery Co., Ltd. , Китай;http://www.shuncha-forklift.com;8 613 645 501 389;sales@shuncha-forklift.com
СофПол , Россия;https://sofpol.ru;+7 (981) 800-62-39;sales@sofpol.ru
Солво , Россия;https://www.solvo.ru;+7 (812) 606 0555;sales@solvo.ru
СмартПакСервис, ООО , Россия;http://sps.ru;+7 812 603-44-84;sales@sps.ru.com
СТ профиль , Россия;https://stprofile.ru;79056744086;sales@stprofile.ru
Тара.ру, OOO , Россия;http://tara.ru;8 (800) 550-77-56;sales@tara.ru
Техновизор , Россия;http://tehvizor.ru;74957998234;sales@tehvizor.ru
MAYA WMS , Россия;http://wms-maya.ru;+7 (495) 085-30-84;sales@wms-maya.ru
Hebei Hugo Machinery Crane Group Co., Ltd. , Китай;https://www.hugoforklifts.com;8 615 601 737 097;sales@yiyinggroup.com
Zhejiang Dy Industry And Trade Co., Ltd. , Китай;http://www.zjdyplastic.com;8,62E+12;sales@zjdyplastic.com
HEBEI TIANYULUX ELECTROMECHANICAL TECHNOLOGY CO., LTD. , Китай;http://www.tianyulift.com;8 618 103 220 731;sales02@tianyulux.com
SUZHOU PIONEER MATERIAL HANDLING EQUIPMENT & TECHNOLOGY CO., LTD. , Китай;http://www.zowellforklifts.com;8,62E+12;sales02@zowell.com.cn
BIXOLON , Корея (Южная);https://ru.bixolon;79167514580;sburlaka@bixolon.com
СДСВЕТ , Россия;http://sdsvet.ru;+7(495) 979 40 50;sdsvet@sdsvet.ru
ROYAL FORKLIFT (SUZHOU) CO., LTD. , Китай;https://www.ryforklift.com;8,61E+12;sergey@ryforklift.com
LGMG (Lingong Heavy Machinery CO., Ltd.) , Китай;http://www.lgmg.com;0086-531-53167879283;si.chen@lgmg.com.cn
КОНВЕЙЕРНЫЙ ЗАВОД ПОТОК, ООО , Россия;http://zavodpotok.ru;79 086 005 473;sima.klinger@gmail.com
Склад и техника, журнал , Россия;https://sitmag.ru;74956385445;sklad@rosb.ru
CeMAT RUSSIA DAILY / Объединенная промышленная редакция , Россия;http://www.promweekly.ru;+7 908 576 92 92;sokolova@promweekly.ru
ВСАДНИК РФ , Россия;http://yandex.ru;79691182323;statuario@yandex.ru
МЕРТЕХ , Россия;https://mertech.ru;+7 (800) 333-00-14;store@mertech.ru
INTEKEY , Россия;http://intekey.ru;+7 (499) 444-26-21;sumelev@intekey.ru
ЭНЕРГИЯ, ООО , Россия;http://sentosa.ru;78 123 206 111;tb@sentosa.ru
Shenzhen SG Electronic Co., Ltd. , Китай;http://www.sino-sg.com;8 613 418 880 523;tim.huang@sino-sg.com
Техно Колесо , Россия;http://www.tecw.ru;74957775587;tk@tecw.ru
TDURABL , Россия;http://yandex.ru;79266018266;vickyxu@yandex.ru
Войсман , Россия;http://www.voice-man.ru;+7 (495) 128-31-83;voice-man@voice-man.ru
КСМ-Волга , Россия;https://ksm-volga.ru/main;+7 921 33 2222 3;volga@monolithus.ru
Аттико, OOO , Россия;http://www.attico.ru;+7(495) 669-35-62;vs@attico.ru
Guangdong Titans Intelligent Power Co., Ltd. , Китай;http://www.gdtitanspower.com;864 008 606 682;wangchunlin@titans-power.com
Zhejiang Jialift Warehouse Equipment Co., Ltd. , Китай;http://www.jialift.com;8 615 857 261 809;william@jialift.com
LOGAREON , Россия;https://logareon.ru;+7 (495) 961 2609;wms@logareon.ru
SEVCO - КОРПОРАЦИЯ СКЛАДСКИХ ТЕХНОЛОГИЙ , Россия;https://www.sevco-wms.ru;74959378832;wms@sevco-sklad.ru
СИТЕК , Россия;http://wms.sitec;8-800-700-97-70;wmssale@sitec-it.ru
WESFORK Industries (Zhejiang) Co., Ltd. , Китай;http://wesfork.com;864 008 556 008;xiakaiyun@wesfork.com
ДУНЛИСИНг, ООО , Россия;http://www.sfmotorcycle.com;79168613910;xiaowenqiang404@gmail.com
Hangzhou Manlong Forklift Parts Co., Ltd. , Китай;http://www.hzmanlong.com;86-57186254236;xiexiaohui88@hzmanlong.com
Wuxi Fuping Logistics Equipment Co., Ltd. , Китай;http://ru.fu;8 618 915 298 334;yangxiao@fu-ping.com
ЯРУС ВМС, ООО , Россия;https://yaruswms.ru;+7 (495) 108-32-93;yarus@yaruswms.ru
JIN HOUNG FUH (CHUZHOU) TECHNOLOGY CO., LTD. , Китай;http://www.houngfuh.com;86-18098393391;ycao@houngfuh.com
Hebei Yudiao Hoisting Equipment Technology Co., Ltd. , Китай;http://www.yudiaogroup.com;86-18233380111;yudiao@chinayudiao.com.cn
ZheJiang EFFlC Electric Technology Co., Ltd. , Китай;http://www.efficharger.com;8,61E+12;yuki.fong@eikto-tech.com
Великолукский опытный машиностроительный завод, АО , Россия;https://arsenalum.ru;+7 (81153) 6-88-22;zakaz@arsenalum.ru
БестМолд , Россия;https://best-mould.ru;79938989131;zakaz@best-mould.ru
ТОР, Торговый Дом , Россия;https://eme54.ru;8-800-500-78-80;zakaz@eme54.ru
ПРОМНАСТИЛ , Россия;https://promnastil-sklad.ru;78632261364;zakaz@promnastil-sklad.ru
Райтскан (Мефери / Урово) , Россия;https://www.rightscan.ru;+7 495 984 89 14;zakaz@rightscan.ru
Умный Сервис , Россия;http://www.umserv.ru;8 (800) 500-71-45;zakaz@umserv.ru
Вайландт Электроник , Россия;http://wetm.ru;+7(800)350-34-41;zakaz@wetm.ru
Машиностроительный завод имени М.И.Калинина, г. Екатеринбург, ПАО , Россия;http://www.zik.ru;+7(343)329-35-04;zikpto@mail.ru
Xiamen Wontonne Tech Co., Ltd. , Китай;http://www.wontonne.com;8 615 860 796 738;zoe@wontonne.com
Aurora Forklift , Россия;https://aurora-forklift.ru;+7 800 222-71-33;
ЕМЕ , Россия;;;
Министерство промышленности и торговли Российской Федерации , Россия;https://minpromtorg.gov;8 (495) 539-21-66;
МФ МАТЕРИАЛ ХЭНДЛИНГ ЕВРАЗИЯ , Россия;;+7 (985) 314 30 41;
Силд Эйр Каустик , Россия;;74 957 950 101;
