мЮГБЮМХЕ;яЮИР;рЕКЕТНМ;Email
мяй, ннн;www.neva-sk.ru;;mop@neva-sk.ru
намхмяйхи жемрп онпньйнбнцн мюошкемхъ;www.dymet.net;;ocps@obninsk.com
окюглю й;www.plazmak.com;;plazmak@mail.ru
онкхокюяр;www.poliplast.ru;;marketing@galvanica.ru
опнжеяя мон;npoprocess.com;;commerce@npoprocess.ru
п2п, ннн;http://www.roll2roll.biz/;;re-rus@mail.ru
пря хмфхмхпхмц;www.rts-engineering.ru;;main@rts-engineering.ru
янмхя;www.ННН-ЯНМХЯ.ПТ;;sonis-info@yandex.ru
ярпнйю, ннн;stroka.by;;info@stroka.by
ящл.л. моо;www.bestgalvanik.ru;;npp-semm@yandex.ru
"рЕУМНЙПЮЯ (ннн прй"")""";www.technokras.ru;;info@technokras.ru
реумнкнцхх;www.vypar.ru;;89193000067@mail.ru
реумнлюйя;technomax.pro;;info@techno-max.pro
спюкюйрхб, ннн;info@uralactiv.com;;info@uralactiv.ru
ухлмхйекэ, йнмярпсйрнпяйне ачпн;www.chemnikel.ru;;chemnikel@yandex.ru
ухляхмрег;www.chimsn.ru;;Vladimir@chimsn.ru
щБЕПЕЯР, ннн;www.everestplating.ru;;sales@everestplating.ru
щЙНКЮИМ-рЕУМН;www.ecoline-techno.ru;;info@ecoline-techno.ru
щйнреу;www.ecth.ru;;et-info@ecth.ru
щКАЮ тХКЭРП лЮМСТЮЙРСПХМЦ пСЯ;bozkurt-pe.com/ru/;;project@elbafilter.ru
щкейрпн хмрек;www.ei-neon.ru;;mail@ei-neon.ru
CHANGZHOU ANJIA COATING EQUIPMENT CO.,LTD;WWW.ANJIACOATING.COM;;lily_lu@anjiatuzhuang.com
DALIAN HUATE POWDER COATING CO.,LTD.;WWW.HUATEPOWDER.COM;;huate@huatepowder.com
HEBEI HANNA TECHNOLOGY CO.,LTD;coating-equipment.com;;sales@coating-equipment.com
SPK GROUP;ur-spk.ru;;info@ur-spk.ru
юбхкнй, ннн;;;zhchxel@mail.ru
юпйрхл;arktim.ru;;com@arktim.ru
ютхмюпю-ор цй, ннн;www.afinara.ru;;info@afinara.ru
алр;www.vladbmt.ru;;vladimir@vladbmt.ru
ат йНЛОЮМХ ннн;bestfix.ru;;buh1.bestfix@yandex.ru
цюкэбюмхр ебпн, ннн;www.galvanik.ru;;marketing@galvanik.ru
цюкэбюмхвеяйхе реумнкнцхх;www.galvanotech.ru;;info@galvanotech.ru
хмярюопнл;instaprom161.ru;;instaprom_tag@mail.ru
йЮПЮВЕБЯЙХИ ГЮБНД ╚щКЕЙРПНДЕРЮКЭ╩, юн;www.elektrodetal.com;;inbox@elektrodetal.com
йнмярюмрю;www.constanta.ru;;office@constanta.ru
люмщк;www.manel.ru;;manel@manel.ru
лхмхярепярбн напюгнбюмхъ пеяосакхйх аекюпсяэ;www.edu.gov.by;;root@minedu.unibel.by  
мюбхйнл, ннн;www.navicom.org;;commerce@navicom.org
мЕБЮпЕЮЙРХБ, ннн;nevareaktiv.ru;;office@nevareaktiv.ru
мнлюйнм;www.nomacon.ru;;info@nomacon.ru
мой цПСОО, ннн;www.prkom.ru;;prof@prkom.ru
мон опханп цюмй, ннн;www.gank4.ru;;info@gank4.ru
чцпеюйрхб;www.ugreaktiv-galvanika.ru;;ugreaktiv@mail.ru
