—Ò˚ÎÍ‡;Õ‡Á‚‡ÌËÂ;—‡ÈÚ;“ÂÎÂÙÓÌ;Email
"https://icatalog.expocentr.ru/ru/exhibitions/190a3ab6-1050-11f0-80ce-a0d3c1fab97f/exhibitors/378289?stand=2B080";"AAB INDUSTRIAL TECHNOLOGY (XUZHOU) CO. LTD";"http://www.aabindustrygroup.com/";"+86 13951823978";"bruce@aabindustrygroup.com"
"https://icatalog.expocentr.ru/ru/exhibitions/190a3ab6-1050-11f0-80ce-a0d3c1fab97f/exhibitors/378277?stand=2B156";"ANHUI BLACK CAT MATERIAL SCIENCE CO. LTD";"http://www.ahbcms.com/";"+86 18705695592";"carrie@ahbcms.com"
"https://icatalog.expocentr.ru/ru/exhibitions/190a3ab6-1050-11f0-80ce-a0d3c1fab97f/exhibitors/378324?stand=2C162";"ANHUI MEIJIA NEW MATERIALS CO. LTD";"http://www.anhuimeijia.com/";"+86 553 7718190";"alice@anhuimeijia.com"
"https://icatalog.expocentr.ru/ru/exhibitions/190a3ab6-1050-11f0-80ce-a0d3c1fab97f/exhibitors/378791?stand=2B010";"ANHUI SHENJIAN NEW MATERIALS CO. LTD";"http://www.shen-jian.com/";"+86 0553 5316333";"Martin@shen-jian.com"
"https://icatalog.expocentr.ru/ru/exhibitions/190a3ab6-1050-11f0-80ce-a0d3c1fab97f/exhibitors/378416?stand=4F115";"ANHUI YOCHON NEW MATERIALS TECHNOLOGY CO. LTD";"http://www.powdercoating-polyesterresin.com/";"+86 18133605308";"ming@ah-yochon.com"
"https://icatalog.expocentr.ru/ru/exhibitions/190a3ab6-1050-11f0-80ce-a0d3c1fab97f/exhibitors/378802?stand=4B076";"ANJI CHENGXI CHEMICAL INDUSTRY CO. LTD";"http://www.ajcxbenclay.com/";"+86 18768351177";"hmz01@cxbenclay.com"
"https://icatalog.expocentr.ru/ru/exhibitions/190a3ab6-1050-11f0-80ce-a0d3c1fab97f/exhibitors/378812?stand=2F060";"ANSHAN HUIHONG NEW MATERIAL CHEMICAL CO. LTD";"http://www.hvonadditive.com/";"+86 0523 86663050";"wangqiong@hopeml.com"
"https://icatalog.expocentr.ru/ru/exhibitions/190a3ab6-1050-11f0-80ce-a0d3c1fab97f/exhibitors/378417?stand=4A048";"BEIJING CHENGYUAN INTERNATIONAL EXHIBITION CO. LTD";"http://www.cyi-expo.com/";"+86 15711047320, 18610318930";"may.chang@cyi-expo.com"
"https://icatalog.expocentr.ru/ru/exhibitions/190a3ab6-1050-11f0-80ce-a0d3c1fab97f/exhibitors/380767?stand=2E045";"BEREN ?NOVASYON K?MYA";"https://www.interlak-expo.ru/";"";""
"https://icatalog.expocentr.ru/ru/exhibitions/190a3ab6-1050-11f0-80ce-a0d3c1fab97f/exhibitors/378813?stand=4B070";"BOYEE (SHENZHEN) INDUSTRIAL TECHNOLOGY CO. LTD";"http://www.boyeemill.com/";"+86 0755-81766076";"cami.zhan@boyee-mill.com"
"https://icatalog.expocentr.ru/ru/exhibitions/190a3ab6-1050-11f0-80ce-a0d3c1fab97f/exhibitors/378253?stand=2B055";"CAMELOT CHEMIE";"http://www.camelot-chemie.ru/";"+7 (495) 749-0097";"info@camelot-chemie.ru"
"https://icatalog.expocentr.ru/ru/exhibitions/190a3ab6-1050-11f0-80ce-a0d3c1fab97f/exhibitors/380782?stand=2A095";"CCPIT SUB-COUNCIL ŒF CHEMICAL INDUSTRY";"https://www.interlak-expo.ru/";"";""
"https://icatalog.expocentr.ru/ru/exhibitions/190a3ab6-1050-11f0-80ce-a0d3c1fab97f/exhibitors/378801?stand=2A010";"CELOTECH RUICO";"http://www.celotechruico.com/";"+86 572 2903236";"ce@celotech.com"
"https://icatalog.expocentr.ru/ru/exhibitions/190a3ab6-1050-11f0-80ce-a0d3c1fab97f/exhibitors/378293?stand=2C148";"CHANGSHA GUANGXIN NEW MATERIALS SCIENCE & TECHNOLOGY CO. LTD";"https://www.interlak-expo.ru/";"+86 15116499120";"1225404193@qq.com"
"https://icatalog.expocentr.ru/ru/exhibitions/190a3ab6-1050-11f0-80ce-a0d3c1fab97f/exhibitors/378795?stand=2A090";"CHANGXING HUARUI MECHANICAL EQUIPMENT CO. LTD";"http://www.cxhuarui.com/";"+86 15726814883";"hr003@cxhuarui.com"
"https://icatalog.expocentr.ru/ru/exhibitions/190a3ab6-1050-11f0-80ce-a0d3c1fab97f/exhibitors/379212?stand=4F150";"CHEM WATERBORNE ADDITIVE CO. LTD";"http://www.additive-chem.com/";"+86 512 50176956";"k.kachuro@sint.moscow"
"https://icatalog.expocentr.ru/ru/exhibitions/190a3ab6-1050-11f0-80ce-a0d3c1fab97f/exhibitors/378555?stand=4F074";"CHEMIX SPECIALTY CHEMICAL CO. LTD";"http://www.chemixsc.com/";"+86 2157760209";"info@chemixsc.com"
"https://icatalog.expocentr.ru/ru/exhibitions/190a3ab6-1050-11f0-80ce-a0d3c1fab97f/exhibitors/378784?stand=2A025";"CHONGQING PAN-KEY FINE CHEMICAL CO. LTD";"http://www.pan-key.com/";"+86 2362777905";"foreign@pan-key.com"
"https://icatalog.expocentr.ru/ru/exhibitions/190a3ab6-1050-11f0-80ce-a0d3c1fab97f/exhibitors/378315?stand=4A090";"COWAY INTERNATIONAL TECHTRANS CO. LTD";"http://www.coway.com.cn/";"+86 10 62795180";"daria3588729@gmail.com"
"https://icatalog.expocentr.ru/ru/exhibitions/190a3ab6-1050-11f0-80ce-a0d3c1fab97f/exhibitors/378303?stand=4F100";"DEQING HELE NEW MATERIAL TECHNOLOGY CO. LTD";"http://www.demeipigment.com/about";"+86 13666526593";"info@helecolor.com"
"https://icatalog.expocentr.ru/ru/exhibitions/190a3ab6-1050-11f0-80ce-a0d3c1fab97f/exhibitors/378796?stand=2A065";"DIMACOLOR INDUSTRY GROUP";"http://www.dimacolor.com/";"+86 571 82825513";"sales@dimacolor.com"
"https://icatalog.expocentr.ru/ru/exhibitions/190a3ab6-1050-11f0-80ce-a0d3c1fab97f/exhibitors/378797?stand=4D145";"DONGGUAN INFOR MACHINERY TECHNOLOGY CO. LTD";"http://www.infor-mill.com/";"+86 15382808286";"yanshuyang@infor99.com"
"https://icatalog.expocentr.ru/ru/exhibitions/190a3ab6-1050-11f0-80ce-a0d3c1fab97f/exhibitors/378283?stand=2B150";"DONGYING KNT CHEMICAL CO. LIMITED";"http://www.telandchem.com/";"+86 532 55689671";"alina@telandchem.com"
"https://icatalog.expocentr.ru/ru/exhibitions/190a3ab6-1050-11f0-80ce-a0d3c1fab97f/exhibitors/378800?stand=2F080";"DURA CO. LTD";"http://www.durabeads.com/";"+86 762 8810227";"durabeads@aliyun.com"
"https://icatalog.expocentr.ru/ru/exhibitions/190a3ab6-1050-11f0-80ce-a0d3c1fab97f/exhibitors/378424?stand=2B120";"ELARS ELEKTRONIK MAKINA";"http://www.onurcolor.com/";"+90 2122704486";"info@elars.com.tr"
"https://icatalog.expocentr.ru/ru/exhibitions/190a3ab6-1050-11f0-80ce-a0d3c1fab97f/exhibitors/378296?stand=4F110";"FANGTA (SUZHOU) NEW MATERIALS TECHNOLOGY CO. LTD";"https://fangta.en.made-in-china.com/";"+86 13773092904";"info@ucoat-cn.com"
"https://icatalog.expocentr.ru/ru/exhibitions/190a3ab6-1050-11f0-80ce-a0d3c1fab97f/exhibitors/378815?stand=4B078";"FOSHAN ZONTAI TITANIUM DIOXIDE LIMITED";"http://www.hktio2.com/";"+86 13929154446";"vicki@zontaiky.xn--com-nga"
"https://icatalog.expocentr.ru/ru/exhibitions/190a3ab6-1050-11f0-80ce-a0d3c1fab97f/exhibitors/379207?stand=4B058";"GOOTON GLOBAL LTD.";"http://www.gooyerint.com/";"+86 21 62219266";"sales@gooyerint.com"
"https://icatalog.expocentr.ru/ru/exhibitions/190a3ab6-1050-11f0-80ce-a0d3c1fab97f/exhibitors/378810?stand=2A041";"GUANGDONG HUAGUOSHAN ENVIRONMENTAL PROTECTION TECHNOLOGY CO. LTD";"https://www.gdhgs.com/en";"+86 075723660729";"gad002@gdhgs.com"
"https://icatalog.expocentr.ru/ru/exhibitions/190a3ab6-1050-11f0-80ce-a0d3c1fab97f/exhibitors/378803?stand=4B079";"GUANGDONG LENCOLO NEW MATERIAL CO. LTD";"http://www.lencolo37.com/";"+86 18027002837";"sales@lencolo37.com"
"https://icatalog.expocentr.ru/ru/exhibitions/190a3ab6-1050-11f0-80ce-a0d3c1fab97f/exhibitors/378288?stand=2A130";"GUANGDONG OCEAN NEW MATERIAL TECHNOLOGY CO. LTD";"http://www.dgoceanchem.com/";"+86 18002669519";"ella@dgoceanchem.com"
"https://icatalog.expocentr.ru/ru/exhibitions/190a3ab6-1050-11f0-80ce-a0d3c1fab97f/exhibitors/378783?stand=2B112";"GUANGDONG PCOTEC POWDER COATING CO. LTD";"http://www.pcotec-coating.com/";"+86 750-8308108";"cenzane0430@gmail.com"
"https://icatalog.expocentr.ru/ru/exhibitions/190a3ab6-1050-11f0-80ce-a0d3c1fab97f/exhibitors/378814?stand=2B001";"GUANGDONG TIANKE NOVEL MATERIALS CO. LTD";"http://www.tiankeuv.com/";"+86 0769 21669363";"info@tiankeuv.com"
"https://icatalog.expocentr.ru/ru/exhibitions/190a3ab6-1050-11f0-80ce-a0d3c1fab97f/exhibitors/378285?stand=4B022";"GUANGZHOU BAWO NEW MATERIAL SCIENCE CO. LTD";"https://www.bawo-chem.com/";"+86 13427533654";"cindytang@bawo-chem.com"
"https://icatalog.expocentr.ru/ru/exhibitions/190a3ab6-1050-11f0-80ce-a0d3c1fab97f/exhibitors/378794?stand=4B074";"GUANGZHOU LEADER CHEMICAL CO. LTD";"https://www.leader-chem.com.cn/";"+86 02082511829";"info@leader-chem.com.cn"
"https://icatalog.expocentr.ru/ru/exhibitions/190a3ab6-1050-11f0-80ce-a0d3c1fab97f/exhibitors/378411?stand=2D160";"GUANGZHOU TITANOS INDUSTRY CO. LTD";"http://www.gztitanos.com/";"+86 15999963672";"liumeiyou@titanos.com.cn"
"https://icatalog.expocentr.ru/ru/exhibitions/190a3ab6-1050-11f0-80ce-a0d3c1fab97f/exhibitors/378274?stand=2B035";"GUNKEM GUNDUZ KIMYEVI MADDELER";"https://www.gunkemchemicals.com/";"+90 5312773828";"export1@gunkem.com.tr"
"https://icatalog.expocentr.ru/ru/exhibitions/190a3ab6-1050-11f0-80ce-a0d3c1fab97f/exhibitors/378550?stand=2B110";"HAINING LEMEI CHEMICALS CO. LTD";"http://www.lemei.cn/";"+86 573 87967926";"office@lemeichem.com"
"https://icatalog.expocentr.ru/ru/exhibitions/190a3ab6-1050-11f0-80ce-a0d3c1fab97f/exhibitors/378323?stand=2B085";"HANDOW CHEMICAL (HENAN) CO. LTD";"http://www.handowchem.com/";"+86 17 839309199";"market@handowchem.com"
"https://icatalog.expocentr.ru/ru/exhibitions/190a3ab6-1050-11f0-80ce-a0d3c1fab97f/exhibitors/378553?stand=2F050";"HANGZHOU BRILLIANT CHEM TECHNOLOGY CO. LTD";"http://www.brilliantchem.com/";"+86 057122820003";"sales@chinapigments.cn"
"https://icatalog.expocentr.ru/ru/exhibitions/190a3ab6-1050-11f0-80ce-a0d3c1fab97f/exhibitors/378539?stand=4F050";"HANGZHOU SYNOX PIGMENTS CO. LTD";"http://www.synoxpigments.com/";"+86 571 86589517";"crissa@synox.com.cm"
"https://icatalog.expocentr.ru/ru/exhibitions/190a3ab6-1050-11f0-80ce-a0d3c1fab97f/exhibitors/379990?stand=4B110";"HARBIN FREM CHEMICAL CO. LTD";"http://frem.by/";"+86 19904500031";"info@frem.by"
"https://icatalog.expocentr.ru/ru/exhibitions/190a3ab6-1050-11f0-80ce-a0d3c1fab97f/exhibitors/378804?stand=4B075";"HEBEI DOUBLE BULLS CELLULOSE CO. LTD";"http://www.double-bulls.com/";"+86 17 331177788";"export@double-bulls.com"
"https://icatalog.expocentr.ru/ru/exhibitions/190a3ab6-1050-11f0-80ce-a0d3c1fab97f/exhibitors/378884?stand=2E095";"HECCKEM CHEMICALS";"https://hecckem.com.tr/";"+90 216456500";"hecckem@hecckem.com.tr"
"https://icatalog.expocentr.ru/ru/exhibitions/190a3ab6-1050-11f0-80ce-a0d3c1fab97f/exhibitors/378292?stand=2C145";"HENAN HUAMEI CINDA INDUSTRIAL CO. LTD";"http://www.chinafumedsilica.com/";"+86 13569127520";"sale3@chinafumedsilica.com"
"https://icatalog.expocentr.ru/ru/exhibitions/190a3ab6-1050-11f0-80ce-a0d3c1fab97f/exhibitors/378808?stand=2F090";"HENAN JINSHUO TECHNOLOGY CO. LTD";"http://www.jinshuohec.com/";"+86 03926873161";"sp@hnjshec.com"
"https://icatalog.expocentr.ru/ru/exhibitions/190a3ab6-1050-11f0-80ce-a0d3c1fab97f/exhibitors/378316?stand=2C090";"HOOSUN TECHNOLOGY GROUP CO. LTD";"http://www.hoosuntec.com/";"+86 18655376049";"8729@hoosuntec.com"
"https://icatalog.expocentr.ru/ru/exhibitions/190a3ab6-1050-11f0-80ce-a0d3c1fab97f/exhibitors/378807?stand=4B057";"HUALUN ADVANCED MATERIALS (JIANGSU) CO. LTD";"http://www.hualunchem.com/";"+86 514 86507985";"yzhl@hualunchem.com"
"https://icatalog.expocentr.ru/ru/exhibitions/190a3ab6-1050-11f0-80ce-a0d3c1fab97f/exhibitors/378306?stand=2B140";"HUBEI CO-FORMULA MATERIAL TECH CO. LTD";"http://www.cfmats.com/";"+86 027 84459282";"teresa@cfmats.com"
"https://icatalog.expocentr.ru/ru/exhibitions/190a3ab6-1050-11f0-80ce-a0d3c1fab97f/exhibitors/378799?stand=4B059";"HUBEI GREENHOME MATERIALS TECHNOLOGY INC.";"http://www.greenhomechem.com/";"+86 027 81880518";"carrie@greenhomechem.com"
"https://icatalog.expocentr.ru/ru/exhibitions/190a3ab6-1050-11f0-80ce-a0d3c1fab97f/exhibitors/378785?stand=2F065";"HUBEI HUIFU NANOMATERIAL CO. LTD";"http://hifull.net/";"+86 4006071778";"hifull@hifull.com"
"https://icatalog.expocentr.ru/ru/exhibitions/190a3ab6-1050-11f0-80ce-a0d3c1fab97f/exhibitors/379996?stand=2E080";"IBA KIMYA SAN. VE TIC. A.S.";"http://www.iba.com.tr/";"+90 3122670983";"export@iba.com.tr"
"https://icatalog.expocentr.ru/ru/exhibitions/190a3ab6-1050-11f0-80ce-a0d3c1fab97f/exhibitors/378787?stand=2E110";"INNER MONGOLIA SUNRISE NEW MATERIAL CO. LTD";"https://www.xuyangchem.com/";"+86 551 66399111";"export@ahxuyang.cn"
"https://icatalog.expocentr.ru/ru/exhibitions/190a3ab6-1050-11f0-80ce-a0d3c1fab97f/exhibitors/378793?stand=2A015";"INNER MONGOLIA SUPER NEW MATERIAL CO. LTD";"http://www.nmsuper.com/";"+86 471 3595663";"cplcb@superkaolin.com"
"https://icatalog.expocentr.ru/ru/exhibitions/190a3ab6-1050-11f0-80ce-a0d3c1fab97f/exhibitors/378792?stand=2A106";"JIANGSU GUANGCHENG CHEMICAL CO. LTD";"http://global.gaxsn.com/";"+86 513 81800955";"andrew.fan@gaxsn.com"
"https://icatalog.expocentr.ru/ru/exhibitions/190a3ab6-1050-11f0-80ce-a0d3c1fab97f/exhibitors/379204?stand=2D105";"JIANGSU SANMU GROUP CO. LTD";"http://www.sammuchem.com/";"+86 510 87234002";"tracy@sanmuchem.com"
"https://icatalog.expocentr.ru/ru/exhibitions/190a3ab6-1050-11f0-80ce-a0d3c1fab97f/exhibitors/378790?stand=2E115";"JIANGSU SHENLONG ZINC INDUSTRY CO. LTD";"http://www.shenlongzinc.com/";"+86 052383998198";"jenny.dai@shenlongzinc.com"
"https://icatalog.expocentr.ru/ru/exhibitions/190a3ab6-1050-11f0-80ce-a0d3c1fab97f/exhibitors/378786?stand=4D001";"JIANGSU TIANYIN CHEMICAL INDUSTRY CO. LTD (DYNAMIC)";"http://www.dynai.com/";"+86 510 87551427";"amy@dynai.com"
"https://icatalog.expocentr.ru/ru/exhibitions/190a3ab6-1050-11f0-80ce-a0d3c1fab97f/exhibitors/378549?stand=2F095";"JIANGSU VERGINIA CONSTUCTION MATERIALS CO. LTD";"http://www.verginia.com.cn/";"+86 513 84319919";"Jimmy@verginia.com.cn"
"https://icatalog.expocentr.ru/ru/exhibitions/190a3ab6-1050-11f0-80ce-a0d3c1fab97f/exhibitors/379641?stand=4A093";"JIANGXI KUN-LONG NEW MATERIALS CO. LTD";"http://www.jxkunlong.com/";"+86 15307951888";"janseliang@jxkunlong.com"
"https://icatalog.expocentr.ru/ru/exhibitions/190a3ab6-1050-11f0-80ce-a0d3c1fab97f/exhibitors/378412?stand=4D148";"JIANGXI VASHLITE NEW MATERIAL CO. LTD";"http://www.hsbentonite.com/";"+86 13616724422";"info@hsbentonite.com"
"https://icatalog.expocentr.ru/ru/exhibitions/190a3ab6-1050-11f0-80ce-a0d3c1fab97f/exhibitors/378885?stand=4F130";"KAIFENG QUARK NEW MATERIAL CO. LTD";"http://www.quarknano.com/";"+86 037128883116";"sarah@quarknano.com"
"https://icatalog.expocentr.ru/ru/exhibitions/190a3ab6-1050-11f0-80ce-a0d3c1fab97f/exhibitors/378311?stand=4E085";"KANGNAM JEVISCO CO. LTD";"https://www.interlak-expo.ru/";"";""
"https://icatalog.expocentr.ru/ru/exhibitions/190a3ab6-1050-11f0-80ce-a0d3c1fab97f/exhibitors/378247?stand=4A085";"KRIALIT";"http://www.krialit.ru/";"+7 (383) 383-0354";"info@krialit.ru"
"https://icatalog.expocentr.ru/ru/exhibitions/190a3ab6-1050-11f0-80ce-a0d3c1fab97f/exhibitors/378244?stand=4B100";"LONG PARTNERS";"http://www.longpartners.kz/";"+7 700 3470753";"privet@longpartners.kz"
"https://icatalog.expocentr.ru/ru/exhibitions/190a3ab6-1050-11f0-80ce-a0d3c1fab97f/exhibitors/378278?stand=2C158";"LONGLY GROUP CO. LTD";"http://www.longlymill.com/";"+86 13725725860";"ly01@longlymill.com"
"https://icatalog.expocentr.ru/ru/exhibitions/190a3ab6-1050-11f0-80ce-a0d3c1fab97f/exhibitors/378691?stand=2E125";"MATECH MAKINA SAN. TIC. LTD. ?TI.";"https://matechmak.com/";"+90 5468325768";"info@matechmak.com"
"https://icatalog.expocentr.ru/ru/exhibitions/190a3ab6-1050-11f0-80ce-a0d3c1fab97f/exhibitors/379643?stand=4E150";"MINGGUANG KEYTEC NEW MATERIAL CO. LTD";"https://en.keyteccolors.com/";"+86 20 84587343";"victoria.lu@keyteccolors.com"
"https://icatalog.expocentr.ru/ru/exhibitions/190a3ab6-1050-11f0-80ce-a0d3c1fab97f/exhibitors/378811?stand=4E143";"MIRACLEARK (HEBEI) SCIENCE & TECHNOLOGY CO. LTD";"http://www.miracleark.com.cn/";"+86 173 5877 8181";"wanglijun@miracleark.com.cn"
"https://icatalog.expocentr.ru/ru/exhibitions/190a3ab6-1050-11f0-80ce-a0d3c1fab97f/exhibitors/380737?stand=2F040";"MJA LLC";"https://www.interlak-expo.ru/";"";""
"https://icatalog.expocentr.ru/ru/exhibitions/190a3ab6-1050-11f0-80ce-a0d3c1fab97f/exhibitors/378798?stand=2A040";"NANJING JINSHAN CHEMICAL TECHNOLOGY CO. LTD";"http://www.jinschem.com/";"+86 025 87180768";"vd@jinschem.com"
"https://icatalog.expocentr.ru/ru/exhibitions/190a3ab6-1050-11f0-80ce-a0d3c1fab97f/exhibitors/378806?stand=2A076";"NANJING LANYA CHEMICAL CO. LTD";"http://www.lanyachem.com/";"+86 25 83315620";"info@lanyachem.com"
"https://icatalog.expocentr.ru/ru/exhibitions/190a3ab6-1050-11f0-80ce-a0d3c1fab97f/exhibitors/378788?stand=2B113";"NINGBO XINFU TITANIUM DIOXIDE CO. LTD";"http://www.xinfu-tio2.com/";"+86 574 86669636";"sales@xinfu-tio2.com"
"https://icatalog.expocentr.ru/ru/exhibitions/190a3ab6-1050-11f0-80ce-a0d3c1fab97f/exhibitors/380768?stand=2E020";"NMK BOYA KIMYA SANAYI VE TICARET A.?";"https://www.interlak-expo.ru/";"";""
"https://icatalog.expocentr.ru/ru/exhibitions/190a3ab6-1050-11f0-80ce-a0d3c1fab97f/exhibitors/378327?stand=2E010";"PEKA CHEMIE INDUSTRIAL COMPANY";"https://pekachemie.com/";"+98 21 83824";"office@belpeka.com"
"https://icatalog.expocentr.ru/ru/exhibitions/190a3ab6-1050-11f0-80ce-a0d3c1fab97f/exhibitors/378604?stand=2A135";"POLYCHEM MANUFACTURING SDN BHD";"https://www.interlak-expo.ru/";"+60 125116772";"scm2@polychempolymer.com"
"https://icatalog.expocentr.ru/ru/exhibitions/190a3ab6-1050-11f0-80ce-a0d3c1fab97f/exhibitors/378398?stand=4C070";"POLYWILL (SHANGHAI) ADVANCED MATERIAL CO. LTD";"http://www.polywill.com/";"+86 21 2096-5181";"service@polywill.com"
"https://icatalog.expocentr.ru/ru/exhibitions/190a3ab6-1050-11f0-80ce-a0d3c1fab97f/exhibitors/378805?stand=2B115";"PUYANG ZHONGKE XINYUAN PETROLEUM CHEMICAL CO. LTD";"http://www.zkxychem.com/";"+86 393 8910876";"shirley.wang@zkxychem.com"
"https://icatalog.expocentr.ru/ru/exhibitions/190a3ab6-1050-11f0-80ce-a0d3c1fab97f/exhibitors/378547?stand=2C160";"QIANJIANG XINYIHONG ORGANIC CHEMICAL CO. LTD";"http://www.chinaorganic.com/";"+86 13 797601572";"ruanhuayi@chinaorganic.com"
"https://icatalog.expocentr.ru/ru/exhibitions/190a3ab6-1050-11f0-80ce-a0d3c1fab97f/exhibitors/378809?stand=2A080";"QINGYUAN YAKOO CHEMICAL CO. LTD";"http://www.yakoo.com.cn/";"+86 07633607328";"liushul@yakoo.com.cn"
"https://icatalog.expocentr.ru/ru/exhibitions/190a3ab6-1050-11f0-80ce-a0d3c1fab97f/exhibitors/378789?stand=2E113";"RUNTAI CHEMICAL (TAIXING) CO. LTD";"http://www.runtaichem.com/index_en.html";"+86 523 80575509";"Ada.ye@runtaichem.com"
"https://icatalog.expocentr.ru/ru/exhibitions/190a3ab6-1050-11f0-80ce-a0d3c1fab97f/exhibitors/379210?stand=2A020";"SHALI CHEM. & ART.I/E CO. LIMITED";"http://www.slca.cn/";"+86 15395157177";"shali@shalichem.com"
"https://icatalog.expocentr.ru/ru/exhibitions/190a3ab6-1050-11f0-80ce-a0d3c1fab97f/exhibitors/378880?stand=2C155";"SHANDONG BISHAN SPECIAL COATING TECHNOLOGY CO. LTD";"http://www.b3kj.com/";"+86 537 7176778";"907262467@qq.com"
"https://icatalog.expocentr.ru/ru/exhibitions/190a3ab6-1050-11f0-80ce-a0d3c1fab97f/exhibitors/378305?stand=2F030";"SHANDONG CHANGSHENG NEW FLAME RETARDANT CO. LTD";"http://www.cs-app.cn/";"+86 15805449110";"mark.liu@cs-nm.com"
"https://icatalog.expocentr.ru/ru/exhibitions/190a3ab6-1050-11f0-80ce-a0d3c1fab97f/exhibitors/378317?stand=2C163";"SHANDONG ETON NEW MATERIAL CO. LTD";"https://www.sdeton.com/";"+86 053 83366213";"info@sdeton.com"
"https://icatalog.expocentr.ru/ru/exhibitions/190a3ab6-1050-11f0-80ce-a0d3c1fab97f/exhibitors/378304?stand=2D162";"SHANDONG GRAND SAILU NEW MATERIALS TECHNOLOGY CO. LTD";"http://www.gdkjchem.com/";"+86 538 6067777";"gdkjowen@126.com"
"https://icatalog.expocentr.ru/ru/exhibitions/190a3ab6-1050-11f0-80ce-a0d3c1fab97f/exhibitors/378546?stand=4D140";"SHANDONG KUNDU CHEMICAL CO. LTD";"http://www.kdochem.com/";"+86 531 82924317/ 18769778258";"info@kdchemicals.com"
"https://icatalog.expocentr.ru/ru/exhibitions/190a3ab6-1050-11f0-80ce-a0d3c1fab97f/exhibitors/378321?stand=2E090";"SHANDONG LANDU NEW MATERIAL CO. LTD";"http://www.landu-china.com/";"+86 18253977215";"lisa@landu-china.com"
"https://icatalog.expocentr.ru/ru/exhibitions/190a3ab6-1050-11f0-80ce-a0d3c1fab97f/exhibitors/378879?stand=2E111";"SHANDONG LIXING ADVANCED MATERIAL CO. LTD";"http://www.cnlxhg.com/";"+86 05396711666";"jessie@cnlxhg.com"
"https://icatalog.expocentr.ru/ru/exhibitions/190a3ab6-1050-11f0-80ce-a0d3c1fab97f/exhibitors/378282?stand=4F105";"SHANDONG YINGRUI NEW MATERIALS CO. LTD";"http://www.sdyingrui.ru/";"+86 13285355246";"rhea@sdyingrui.cn"
"https://icatalog.expocentr.ru/ru/exhibitions/190a3ab6-1050-11f0-80ce-a0d3c1fab97f/exhibitors/378540?stand=2A075";"SHANGHAI AORUN GROUP CO. LTD";"http://www.sh-aorun.com/";"+86 2132521757";""
"https://icatalog.expocentr.ru/ru/exhibitions/190a3ab6-1050-11f0-80ce-a0d3c1fab97f/exhibitors/378875?stand=4E075";"SHANGHAI ELE MECHANICAL & ELECTRICAL EQUIPMENT CO. LTD";"http://www.ele-mix.com/";"+86 21 55387553";"Sandra@elemix.cn"
"https://icatalog.expocentr.ru/ru/exhibitions/190a3ab6-1050-11f0-80ce-a0d3c1fab97f/exhibitors/378557?stand=2B111";"SHANGHAI GOLDEN SUCCESS INTERNATIONAL TRADE CO. LTD";"http://www.gsdefoamer.com/";"+86 02169589590";"carreyyang@gsdefoamer.com"
"https://icatalog.expocentr.ru/ru/exhibitions/190a3ab6-1050-11f0-80ce-a0d3c1fab97f/exhibitors/378280?stand=4B077";"SHANGHAI HONEST CHEM. CO. LTD";"http://www.honestsh.com/";"+86 2154012006";"lannie@honestsh.com"
"https://icatalog.expocentr.ru/ru/exhibitions/190a3ab6-1050-11f0-80ce-a0d3c1fab97f/exhibitors/378290?stand=4E165";"SHANGHAI HUIGUANG FINE CHEMICAL INDUSTRY CO. LTD";"http://www.shhuiguang.com/";"+86 13818628215";"tony.shen@shhuiguang.com"
"https://icatalog.expocentr.ru/ru/exhibitions/190a3ab6-1050-11f0-80ce-a0d3c1fab97f/exhibitors/378600?stand=4E105";"SHANGHAI JIUTA CHEMICAL CO. LTD";"http://www.jt-titaniumdioxide.com/";"+86 2152042175";"daniel.wang@shjiuta.com"
"https://icatalog.expocentr.ru/ru/exhibitions/190a3ab6-1050-11f0-80ce-a0d3c1fab97f/exhibitors/378551?stand=2A045";"SHANGHAI LANG CHEMICAL COMPANY LIMITED";"http://langyuan.com.cn/en";"+86 215 1289991";"lyxsc2@langyuan.com.cn"
"https://icatalog.expocentr.ru/ru/exhibitions/190a3ab6-1050-11f0-80ce-a0d3c1fab97f/exhibitors/379209?stand=2B145";"SHANGHAI MINGDEYANG INTERNATIONAL TRADE CO. LTD";"http://www.mdygj.com/";"+86 13915577834";"mingdy88@outlook.com"
"https://icatalog.expocentr.ru/ru/exhibitions/190a3ab6-1050-11f0-80ce-a0d3c1fab97f/exhibitors/378319?stand=4D150";"SHANGHAI TITANOS INDUSTRY CO. LTD";"https://www.titanos.com/";"+86 21 3987 6888";"ella@titanos.com.cn"
"https://icatalog.expocentr.ru/ru/exhibitions/190a3ab6-1050-11f0-80ce-a0d3c1fab97f/exhibitors/378554?stand=4F071";"SHANXI HENGYUAN KAOLIN CO. LTD";"http://www.hykaolin.com/";"+86 357 3676666";"sales@hykaolin.com"
"https://icatalog.expocentr.ru/ru/exhibitions/190a3ab6-1050-11f0-80ce-a0d3c1fab97f/exhibitors/378331?stand=2C150";"SHENZHEN SMIDA INTELLIGENT EQUIPMENT CO. LTD";"http://www.smidacn.com/";"+86 755 27858540";"blue_liu@smida.com.cn"
"https://icatalog.expocentr.ru/ru/exhibitions/190a3ab6-1050-11f0-80ce-a0d3c1fab97f/exhibitors/378295?stand=4E175";"SHIFANG CHANGFENG CHEMICAL CO. LTD";"http://www.cf-chem.com/";"+86 838 8320699";"changfeng@cf-chem.com"
"https://icatalog.expocentr.ru/ru/exhibitions/190a3ab6-1050-11f0-80ce-a0d3c1fab97f/exhibitors/378313?stand=4E168";"SHIFANG RUIBANG NEW MATERIALS CO. LTD";"http://www.ruibangnm.com/";"+86 19183826373";"market@ruibangnm.com"
"https://icatalog.expocentr.ru/ru/exhibitions/190a3ab6-1050-11f0-80ce-a0d3c1fab97f/exhibitors/378287?stand=2B158";"SICHUAN TAIFENG NEW FLAME RETARDANT CO. LTD";"http://www.taifeng-fr.com/";"+86 28 84721008";"wesley@taifeng-fr.com"
"https://icatalog.expocentr.ru/ru/exhibitions/190a3ab6-1050-11f0-80ce-a0d3c1fab97f/exhibitors/378541?stand=2E060";"SIEHE GROUP CO. LTD";"https://www.siehe.ru/";"+86 13524976949";"marketing@siehe.com"
"https://icatalog.expocentr.ru/ru/exhibitions/190a3ab6-1050-11f0-80ce-a0d3c1fab97f/exhibitors/380769?stand=2E045";"STATIC PROJE MAKINE VE KIMYA SANAYI LTD. STI.";"https://www.interlak-expo.ru/";"";""
"https://icatalog.expocentr.ru/ru/exhibitions/190a3ab6-1050-11f0-80ce-a0d3c1fab97f/exhibitors/378873?stand=2F085";"SUZHOU MEGAWIDE CHEMICALS CO. LTD";"http://www.megawidechem.com/";"+86 512 56798579";"sales@megawidechem.com"
"https://icatalog.expocentr.ru/ru/exhibitions/190a3ab6-1050-11f0-80ce-a0d3c1fab97f/exhibitors/378877?stand=4B071";"SUZHOU SUNMUN TECHNOLOGY CO. LTD";"http://www.smcolor.com.cn/";"+86 051257665888";"xiyang.zou@smcolor.com.cn"
"https://icatalog.expocentr.ru/ru/exhibitions/190a3ab6-1050-11f0-80ce-a0d3c1fab97f/exhibitors/378405?stand=4C070";"TECH POLYMER MATERIALS CO. LTD";"http://www.tech-polymer.com/";"+86 21 50796110";"johnson.tian@tech-polymer.cn"
"https://icatalog.expocentr.ru/ru/exhibitions/190a3ab6-1050-11f0-80ce-a0d3c1fab97f/exhibitors/378294?stand=4B105";"TEXONG (DONGGUAN) SALES CO. LTD";"http://www.texong.com/";"+86 09923991666";"kovinke@texong.com"
"https://icatalog.expocentr.ru/ru/exhibitions/190a3ab6-1050-11f0-80ce-a0d3c1fab97f/exhibitors/378878?stand=4E140";"TIANJIN JIUYUAN NEW MATERIAL TECHNOLOGY CO. LTD";"http://www.jiuri.com.cn/";"+86 022 58330771";"emmy@jiuri.com.cn"
"https://icatalog.expocentr.ru/ru/exhibitions/190a3ab6-1050-11f0-80ce-a0d3c1fab97f/exhibitors/378601?stand=2E075";"TIANPU CHEMICALS CO. LTD";"http://www.tianpuchemical.com/";"+86 08302796448";"cjshen@tianpuchemical.com"
"https://icatalog.expocentr.ru/ru/exhibitions/190a3ab6-1050-11f0-80ce-a0d3c1fab97f/exhibitors/378599?stand=4F055";"TILICOATINGWORLD CO. LTD";"https://tilicoatingworld.com/";"+86 13532029063";"tili.coating@gmail.com"
"https://icatalog.expocentr.ru/ru/exhibitions/190a3ab6-1050-11f0-80ce-a0d3c1fab97f/exhibitors/378874?stand=2F055";"TRIPLETCHEM CO. LTD";"https://www.interlak-expo.ru/";"+86 15618985433";"willars.wang@hotmail.com"
"https://icatalog.expocentr.ru/ru/exhibitions/190a3ab6-1050-11f0-80ce-a0d3c1fab97f/exhibitors/380738?stand=4F150";"UNION Shaoguan Chemical";"https://www.interlak-expo.ru/";"+86 13923116491";"k.kachuro@sint.moscow"
"https://icatalog.expocentr.ru/ru/exhibitions/190a3ab6-1050-11f0-80ce-a0d3c1fab97f/exhibitors/380770?stand=2E140";"VERA GROUP TICARET ANONIM SIRKETI";"https://www.interlak-expo.ru/";"";""
"https://icatalog.expocentr.ru/ru/exhibitions/190a3ab6-1050-11f0-80ce-a0d3c1fab97f/exhibitors/378322?stand=2C165";"WEIFANG XINDAMEI NEW MATERIAL CO. LTD";"https://dameipc.com/";"+86 18291211138";"info@dameipc.com"
"https://icatalog.expocentr.ru/ru/exhibitions/190a3ab6-1050-11f0-80ce-a0d3c1fab97f/exhibitors/378318?stand=4B020";"WINBOND MATERIALS CO. LTD";"http://www.whwinbond.com/";"+86 18620177645";"aimee.lan@whwinbond.com"
"https://icatalog.expocentr.ru/ru/exhibitions/190a3ab6-1050-11f0-80ce-a0d3c1fab97f/exhibitors/379205?stand=4D002";"WUHAN JIANGLING TECHNOLOGY CO. LTD";"http://www.hanepoxy.com/";"+86 27 85679882";"sales@hanepoxy.com"
"https://icatalog.expocentr.ru/ru/exhibitions/190a3ab6-1050-11f0-80ce-a0d3c1fab97f/exhibitors/378291?stand=2B160";"WUQIAO QIYUAN CELLULOSE CO. LTD";"http://www.keyoungchem.com/";"+86 13703337810";"sofia@keyoungchem.com"
"https://icatalog.expocentr.ru/ru/exhibitions/190a3ab6-1050-11f0-80ce-a0d3c1fab97f/exhibitors/379208?stand=2A070";"WUXI BROAD CHEMICAL TECHNOLOGY CO. LTD";"http://www.broad-chem.com/";"+86 510 81771011";"jackpei@broad-chem.com"
"https://icatalog.expocentr.ru/ru/exhibitions/190a3ab6-1050-11f0-80ce-a0d3c1fab97f/exhibitors/378325?stand=2E035";"XINJIANG TOP-CELLU POLYMER MATERIALS CO. LTD";"http://www.topcellu.com/";"+86 17 839130215";"phil@topcellu.com"
"https://icatalog.expocentr.ru/ru/exhibitions/190a3ab6-1050-11f0-80ce-a0d3c1fab97f/exhibitors/378286?stand=4F120";"XUZHOU HUIDE CHEMICAL CO. LTD";"http://www.xzhdindustry.com/";"+86 18168253133";"keralay@yeah.net"
"https://icatalog.expocentr.ru/ru/exhibitions/190a3ab6-1050-11f0-80ce-a0d3c1fab97f/exhibitors/378312?stand=4D142";"YINGDE TONGFUGUI TECHNOLOGY MATERIALS CO. LTD";"http://www.tfg999.com/";"+86 13250233133";"huiwen.tan@tfg999.com"
"https://icatalog.expocentr.ru/ru/exhibitions/190a3ab6-1050-11f0-80ce-a0d3c1fab97f/exhibitors/378876?stand=2E085";"YONGXING LANGFENG PIGMENT INDUSTRIAL CO. LTD";"http://www.lfpigment.com/";"+86 15622262262";"lf002@lfpigment.com"
"https://icatalog.expocentr.ru/ru/exhibitions/190a3ab6-1050-11f0-80ce-a0d3c1fab97f/exhibitors/378872?stand=2E114";"YUXING PIGMENT CO. LTD";"http://www.asiapigment.com/";"+86 510 87226708";"bcc@yuxingpigment.com"
"https://icatalog.expocentr.ru/ru/exhibitions/190a3ab6-1050-11f0-80ce-a0d3c1fab97f/exhibitors/378556?stand=2A060";"ZHANGJIAGANG HUIERTONG IMPORT & EXPORT CO. LTD";"http://www.cnthjx.com/";"+86 512 56379399";"het@huiertong.com"
"https://icatalog.expocentr.ru/ru/exhibitions/190a3ab6-1050-11f0-80ce-a0d3c1fab97f/exhibitors/378309?stand=4B021";"ZHEJIANG BAOLIJIA SUPPLY CHAIN MANAGEMENT CO. LTD";"https://www.baolijia.com.cn/";"+86 15900991683";"yangshangming@baolijia.com.cn"
"https://icatalog.expocentr.ru/ru/exhibitions/190a3ab6-1050-11f0-80ce-a0d3c1fab97f/exhibitors/378871?stand=4F045";"ZHEJIANG BROTHER GUIDEPPOST PAINT CO. LTD";"http://www.xdlb.com/";"+86 05726901555";"1057608740@qq.com"
"https://icatalog.expocentr.ru/ru/exhibitions/190a3ab6-1050-11f0-80ce-a0d3c1fab97f/exhibitors/378603?stand=4E160";"ZHEJIANG CHANG'AN RENHENG TECHNOLOGY CO. LTD";"https://www.renheng.com/";"+86 15968227682";"zhanghuaiting@renheng.com"
"https://icatalog.expocentr.ru/ru/exhibitions/190a3ab6-1050-11f0-80ce-a0d3c1fab97f/exhibitors/378314?stand=2F031";"ZHEJIANG CHEMICALS IMPORT AND EXPORT CORPORATION";"http://www.zhechem.com/";"+86 18069800752";"hongbin@zhechem.com"
"https://icatalog.expocentr.ru/ru/exhibitions/190a3ab6-1050-11f0-80ce-a0d3c1fab97f/exhibitors/378336?stand=4B055";"ZHEJIANG HUAYUAN NEW MATERIAL CO. LTD";"http://www.ironoxide.com.cn/";"+86 57185812160";"sales@ironoxide.com.cn"
"https://icatalog.expocentr.ru/ru/exhibitions/190a3ab6-1050-11f0-80ce-a0d3c1fab97f/exhibitors/379206?stand=4F073";"ZHEJIANG KAIRUN NEW MATERIALS CO. LTD";"http://www.krnm.cc/";"+86 575 8291 3595";"l.z@berenchem.com"
"https://icatalog.expocentr.ru/ru/exhibitions/190a3ab6-1050-11f0-80ce-a0d3c1fab97f/exhibitors/378552?stand=4F072";"ZHEJIANG SAINON CHEMICAL CO. LTD";"http://www.chinameko.com/";"+86 570 3687898";"huibzheng@kailinchem.com"
"https://icatalog.expocentr.ru/ru/exhibitions/190a3ab6-1050-11f0-80ce-a0d3c1fab97f/exhibitors/378548?stand=4C175";"ZHONGYUAN SHENGBANG (XIAMEN) TECHNOLOGYCO. LTD";"http://www.sunbangtio2.com/";"+86 13950103502";"sales@sunbangtio2.com"
"https://icatalog.expocentr.ru/ru/exhibitions/190a3ab6-1050-11f0-80ce-a0d3c1fab97f/exhibitors/378236?stand=2E130";"¿¬»¿÷»ŒÕÕ€≈ À¿ Œ –¿—Œ◊Õ€≈ “≈’ÕŒÀŒ√»», ŒŒŒ";"http://xn----7sbqwm2aw.xn--p1ai/";"+7 (495) 788-1189";"asi@ap-tech.ru"
"https://icatalog.expocentr.ru/ru/exhibitions/190a3ab6-1050-11f0-80ce-a0d3c1fab97f/exhibitors/379995?stand=4E115";"¿¬»¬»–, ŒŒŒ";"https://avivir.ru/";"+7 (495) 241-5717";"info@avivir.ru"
"https://icatalog.expocentr.ru/ru/exhibitions/190a3ab6-1050-11f0-80ce-a0d3c1fab97f/exhibitors/378233?stand=4C085";"¿¬ -’»Ã, ŒŒŒ";"http://www.avkhim.ru/";"+7 (499) 426-0023";"info@avkhim.ru"
"https://icatalog.expocentr.ru/ru/exhibitions/190a3ab6-1050-11f0-80ce-a0d3c1fab97f/exhibitors/378242?stand=4C004";"¿¬“Œ„‡Ù œ“, ŒŒŒ";"https://avtograph-oem.ru/";"8 800 550-4244";"info@avtograph-oem.ru"
"https://icatalog.expocentr.ru/ru/exhibitions/190a3ab6-1050-11f0-80ce-a0d3c1fab97f/exhibitors/378395?stand=4D120";"¿√≈““";"http://www.agett.ru/";"+7 (495) 025-5211";"info-ru@agett.ru"
"https://icatalog.expocentr.ru/ru/exhibitions/190a3ab6-1050-11f0-80ce-a0d3c1fab97f/exhibitors/379642?stand=4D115";"¿√— ¿–¡-»— –¿";"http://www.ags.ru/";"+7 (495) 320-3034";"info@ags.ru"
"https://icatalog.expocentr.ru/ru/exhibitions/190a3ab6-1050-11f0-80ce-a0d3c1fab97f/exhibitors/378271?stand=4A100";"¿ ¬»ÀŒÕ œ—, ŒŒŒ";"http://www.psaquilon.ru/";"+7 (495) 143-1820";"psaquilon@bk.ru"
"https://icatalog.expocentr.ru/ru/exhibitions/190a3ab6-1050-11f0-80ce-a0d3c1fab97f/exhibitors/378427?stand=4F085";"¿ –»“≈’";"http://akriteh.ru/";"8 800 300-6072";"sales@akriteh.ru"
"https://icatalog.expocentr.ru/ru/exhibitions/190a3ab6-1050-11f0-80ce-a0d3c1fab97f/exhibitors/378270?stand=4E015";"¿À»—“≈–”—";"http://www.alisterus.ru/";"+7 (343) 344-3192";"kd@alisterus.ru"
"https://icatalog.expocentr.ru/ru/exhibitions/190a3ab6-1050-11f0-80ce-a0d3c1fab97f/exhibitors/378243?stand=2C110";"¿ÀÀÕ≈ — ¡≈À√Œ–Œƒ";"http://www.allnex.su/";"+7 (910) 365-7582";"info@allnex.su"
"https://icatalog.expocentr.ru/ru/exhibitions/190a3ab6-1050-11f0-80ce-a0d3c1fab97f/exhibitors/378310?stand=4D130";"¿Õ ¿–, ŒŒŒ";"http://www.ankargroup.su/";"+7 (499) 112-4830";"info@ankargroup.su"
"https://icatalog.expocentr.ru/ru/exhibitions/190a3ab6-1050-11f0-80ce-a0d3c1fab97f/exhibitors/380674?stand=4B010";"¿– “»Ã, ŒŒŒ";"https://arktim.ru/";"+7 (964) 326-4929";"com@arktim.ru"
"https://icatalog.expocentr.ru/ru/exhibitions/190a3ab6-1050-11f0-80ce-a0d3c1fab97f/exhibitors/380771?stand=4F070";"¿–“ »Õƒ”—“–»ﬂ";"https://www.interlak-expo.ru/";"";""
"https://icatalog.expocentr.ru/ru/exhibitions/190a3ab6-1050-11f0-80ce-a0d3c1fab97f/exhibitors/380772?stand=4A041";"¿——Œ÷»¿÷»ﬂ › —œŒ–“≈–Œ¬ » »ÃœŒ–“≈–Œ¬ –Œ——»»";"https://www.interlak-expo.ru/";"";""
"https://icatalog.expocentr.ru/ru/exhibitions/190a3ab6-1050-11f0-80ce-a0d3c1fab97f/exhibitors/378883?stand=4A043";"¿—“–Œ…—≈–¬»—";"https://kolerit.ru/";"+7 (928) 588-3688";"info.kolerit@mail.ru"
"https://icatalog.expocentr.ru/ru/exhibitions/190a3ab6-1050-11f0-80ce-a0d3c1fab97f/exhibitors/378410?stand=4C015";"¿‘¿ﬂ";"http://www.afaya.ru/";"+7 (812) 600-7039";"info@afaya.ru"
"https://icatalog.expocentr.ru/ru/exhibitions/190a3ab6-1050-11f0-80ce-a0d3c1fab97f/exhibitors/378333?stand=2E010";"¡≈À œ≈ ¿";"https://www.interlak-expo.ru/";"+375 17 3360542";"office@belpeka.com"
"https://icatalog.expocentr.ru/ru/exhibitions/190a3ab6-1050-11f0-80ce-a0d3c1fab97f/exhibitors/380001?stand=2B135";"¡≈ÀÕ≈‘“≈’»Ã-–Œ—";"http://www.belneftehim-ros.ru/";"+7 (495) 956-6123";"igor@belneftehim-ros.ru"
"https://icatalog.expocentr.ru/ru/exhibitions/190a3ab6-1050-11f0-80ce-a0d3c1fab97f/exhibitors/378406?stand=4D110";"¡À≈—“ﬂŸ¿ﬂ À»Õ»ﬂ, ¿Œ";"http://bll-e.ru/";"+7 (499) 124-5926";"ofice@bll.ru"
"https://icatalog.expocentr.ru/ru/exhibitions/190a3ab6-1050-11f0-80ce-a0d3c1fab97f/exhibitors/380739?stand=4E090";"¡Œﬂ—¿Õ, ŒŒŒ";"http://www.bpc.com.tr/";"+7 (985) 229-6682";"sales@bpc.com.tr"
"https://icatalog.expocentr.ru/ru/exhibitions/190a3ab6-1050-11f0-80ce-a0d3c1fab97f/exhibitors/378882?stand=2D170";"¡—  “≈’ÕŒÀŒƒ∆», ŒŒŒ";"http://bsktechnology.ru/";"+7 (843) 248-7233";"info@bsktechnology.ru"
"https://icatalog.expocentr.ru/ru/exhibitions/190a3ab6-1050-11f0-80ce-a0d3c1fab97f/exhibitors/380773?stand=2B040";"¬≈ “Œ– œŒÀ»Ã≈–";"https://www.interlak-expo.ru/";"";""
"https://icatalog.expocentr.ru/ru/exhibitions/190a3ab6-1050-11f0-80ce-a0d3c1fab97f/exhibitors/378329?stand=4F090";"¬≈ “Œ– œ–Œ, ŒŒŒ";"http://www.armour18.ru/";"+7 (906) 819-9664";"sales@vektor-pro18.ru"
"https://icatalog.expocentr.ru/ru/exhibitions/190a3ab6-1050-11f0-80ce-a0d3c1fab97f/exhibitors/378408?stand=2E135";"¬≈ “Œ–, ŒŒŒ";"http://www.vektor-nn.com/";"+7 (831) 423-1327";"info@vektor-nn.com"
"https://icatalog.expocentr.ru/ru/exhibitions/190a3ab6-1050-11f0-80ce-a0d3c1fab97f/exhibitors/378889?stand=2C100";"¬» œ» ›—";"http://www.vps-s.ru/";"+7 (925) 799-9010";"go@vps-s.ru"
"https://icatalog.expocentr.ru/ru/exhibitions/190a3ab6-1050-11f0-80ce-a0d3c1fab97f/exhibitors/378279?stand=4C100";"¬»“¿’»Ã, ŒŒŒ";"http://www.vitahim.ru/";"8 800 551-2270";"info@vitahim.ru"
"https://icatalog.expocentr.ru/ru/exhibitions/190a3ab6-1050-11f0-80ce-a0d3c1fab97f/exhibitors/378418?stand=4E080";"¬À¿ƒ¿ –»À, ŒŒŒ";"http://dispersions.ru/";"+7 (910) 775-5532";"kazakov@akrilan.com"
"https://icatalog.expocentr.ru/ru/exhibitions/190a3ab6-1050-11f0-80ce-a0d3c1fab97f/exhibitors/378320?stand=2E165";"¬Œ—“Œ -—≈–¬»—, œ ‘, ŒŒŒ";"http://www.vostok-plus.ru/";"+7 (495) 380-3400";"rabenau@vostok-plus.ru"
"https://icatalog.expocentr.ru/ru/exhibitions/190a3ab6-1050-11f0-80ce-a0d3c1fab97f/exhibitors/378337?stand=4E135";"√¿–“-”–¿À, ŒŒŒ";"http://gart-ural.ru/";"+7 (922) 515-4252";"one182@mail.ru"
"https://icatalog.expocentr.ru/ru/exhibitions/190a3ab6-1050-11f0-80ce-a0d3c1fab97f/exhibitors/378235?stand=4B025";"√–¿Õ ’»Ã»◊≈— ¿ﬂ  ŒÃœ¿Õ»ﬂ, ŒŒŒ";"http://www.ccg78.com/";"+7 (812) 612-9969";"info@ccg78.com"
"https://icatalog.expocentr.ru/ru/exhibitions/190a3ab6-1050-11f0-80ce-a0d3c1fab97f/exhibitors/378238?stand=4A105";"ƒ»Õ¿À¿ , ŒŒŒ";"http://www.dinalak.ru/";"+7 (961) 636-1628";"dinalak@yandex.ru"
"https://icatalog.expocentr.ru/ru/exhibitions/190a3ab6-1050-11f0-80ce-a0d3c1fab97f/exhibitors/378231?stand=4B120";"ƒÃ› ¿›–Œ«ŒÀ‹";"https://dme-aerosol.ru/";"+7 (48751) 9-65-81";"info@dme-aerosol.ru"
"https://icatalog.expocentr.ru/ru/exhibitions/190a3ab6-1050-11f0-80ce-a0d3c1fab97f/exhibitors/378269?stand=2D045";"ƒŒ¡–”—, OOO";"https://dob-rus.ru/";"+7 (495) 970-9591";"sales@dob-rus.ru"
"https://icatalog.expocentr.ru/ru/exhibitions/190a3ab6-1050-11f0-80ce-a0d3c1fab97f/exhibitors/378308?stand=2D045";"≈¬–Œ  ≈Ã» ¿À—, ŒŒŒ";"https://eurochemical.ru/";"+7 (495) 204-1252";"hr@eurochemical.ru"
"https://icatalog.expocentr.ru/ru/exhibitions/190a3ab6-1050-11f0-80ce-a0d3c1fab97f/exhibitors/378338?stand=4C070";"≈¬–Œ’»Ã-1 ‘”Õ ÷»ŒÕ¿À‹Õ€≈ ƒŒ¡¿¬ », ¿Œ";"http://www.eurohim.ru/";"+7 (495) 150-5105";"lkm1@eurohim.ru"
"https://icatalog.expocentr.ru/ru/exhibitions/190a3ab6-1050-11f0-80ce-a0d3c1fab97f/exhibitors/379999?stand=4A047";"≈Ã ≈Ã» ¿À—";"http://em-chemicals.com/";"+7 (495) 723-3607";"info@em-chemicals.com"
"https://icatalog.expocentr.ru/ru/exhibitions/190a3ab6-1050-11f0-80ce-a0d3c1fab97f/exhibitors/379994?stand=2D010";"≈“—, √ÛÔÔ‡  ÓÏÔ‡ÌËÈ, ŒŒŒ";"http://www.utsrus.com/";"+7 (812) 389-5555";"anna.lebedeva@utsrus.com"
"https://icatalog.expocentr.ru/ru/exhibitions/190a3ab6-1050-11f0-80ce-a0d3c1fab97f/exhibitors/378334?stand=2E065";"«¿¬Œƒ Ã≈“¿ÀÀŒ“¿–¿, ŒŒŒ";"http://www.metara.ru/";"+7 (473) 333-5833";"metara@mail.ru"
"https://icatalog.expocentr.ru/ru/exhibitions/190a3ab6-1050-11f0-80ce-a0d3c1fab97f/exhibitors/378258?stand=2D045";"«¿¬ŒÀ∆— »… œ»√Ã≈Õ“";"http://www.z-pigment.ru/";"+7 (493) 315-4940";"info@z-pigment.com"
"https://icatalog.expocentr.ru/ru/exhibitions/190a3ab6-1050-11f0-80ce-a0d3c1fab97f/exhibitors/378232?stand=4E055";"«“» Ã≈“¿ÀÀœ¿ ";"http://www.metallpak.ru/";"+7 (495) 577-7557";"info@metalpak.ru"
"https://icatalog.expocentr.ru/ru/exhibitions/190a3ab6-1050-11f0-80ce-a0d3c1fab97f/exhibitors/378234?stand=2D015";"»ÕƒÀ¿ , ŒŒŒ";"http://www.indlak.ru/";"+7 (495) 730-1234";"tdindlak@yandex.ru"
"https://icatalog.expocentr.ru/ru/exhibitions/190a3ab6-1050-11f0-80ce-a0d3c1fab97f/exhibitors/378399?stand=2D085";"»Õ ŒÃœ–Œ, ŒŒŒ";"http://www.inkompro.ru/";"+7 (812) 467-8779";"trade@inkompro.ru"
"https://icatalog.expocentr.ru/ru/exhibitions/190a3ab6-1050-11f0-80ce-a0d3c1fab97f/exhibitors/378423?stand=4B165";"»Õ“≈–’»ÃÃ≈“, ŒŒŒ";"http://www.interchemmet.com/";"+7 (812) 449-2195";"mp@interchemmet.com"
"https://icatalog.expocentr.ru/ru/exhibitions/190a3ab6-1050-11f0-80ce-a0d3c1fab97f/exhibitors/380000?stand=4E172";" ¿Ã≈ÀŒ“ œ¿¡À»ÿ»Õ√, ŒŒŒ";"http://www.neftegas.info/";"+7 (495) 240-5457";"office@neftegas.info"
"https://icatalog.expocentr.ru/ru/exhibitions/190a3ab6-1050-11f0-80ce-a0d3c1fab97f/exhibitors/378881?stand=2D140";" ¿––»ƒ∆¿";"http://www.karrija.ru/";"+7 (921) 311-7459";"newtechnologies@inbox.ru"
"https://icatalog.expocentr.ru/ru/exhibitions/190a3ab6-1050-11f0-80ce-a0d3c1fab97f/exhibitors/379998?stand=4E130";" ¬¿–÷¬≈– ≈ ”À‹ﬂÕŒ¬— ";"https://qw-russia.ru/";"+7 (8422) 759-022";"sand@qwvostok.ru"
"https://icatalog.expocentr.ru/ru/exhibitions/190a3ab6-1050-11f0-80ce-a0d3c1fab97f/exhibitors/380735?stand=4C110";" ≈Ã» ¿À “≈’ÕŒÀŒƒ∆»—, ŒŒŒ";"http://xn--e1aanci0b.xn--p1ai/";"+7 (495) 532-1218";"kt@chem-technologies.ru"
"https://icatalog.expocentr.ru/ru/exhibitions/190a3ab6-1050-11f0-80ce-a0d3c1fab97f/exhibitors/378326?stand=4C055";" Œ≈À√¿Ã–¿ÃŒ–, ŒŒŒ";"http://www.koelgacarb.ru/";"+7 (351) 200-3393";"koelgaooo@mail.ru"
"https://icatalog.expocentr.ru/ru/exhibitions/190a3ab6-1050-11f0-80ce-a0d3c1fab97f/exhibitors/378262?stand=2D145";" ŒÕ—“¿Õ“¿, ŒŒŒ";"https://constanta.ru/";"+7 (812) 339-9264, 309-0199";"k-m@constanta.ru"
"https://icatalog.expocentr.ru/ru/exhibitions/190a3ab6-1050-11f0-80ce-a0d3c1fab97f/exhibitors/379992?stand=2B005";" ŒÕ—“¿Õ“¿, ŒŒŒ";"http://www.constantachem.com/";"+7 (916) 459-6077";"plusconstanta@gmail.com"
"https://icatalog.expocentr.ru/ru/exhibitions/190a3ab6-1050-11f0-80ce-a0d3c1fab97f/exhibitors/378340?stand=2C120";" –¿—, ŒŒŒ";"http://www.huachen-russia.ru/";"+7 (495) 161-8118";"info@huachen-russia.ru"
"https://icatalog.expocentr.ru/ru/exhibitions/190a3ab6-1050-11f0-80ce-a0d3c1fab97f/exhibitors/380774?stand=4A015";" –¿— » » À¿ »";"https://www.interlak-expo.ru/";"";""
"https://icatalog.expocentr.ru/ru/exhibitions/190a3ab6-1050-11f0-80ce-a0d3c1fab97f/exhibitors/378543?stand=4E120";" ”¡¿Õ‹-¿ –»À¿“, ŒŒŒ";"http://www.kubanakrylat.ru/";"+7 (86130) 58-5-80";"sales@kubanakrylat.ru"
"https://icatalog.expocentr.ru/ru/exhibitions/190a3ab6-1050-11f0-80ce-a0d3c1fab97f/exhibitors/378402?stand=2C015";"À¿–◊‘»Àƒ À—Õ, ŒŒŒ";"http://www.larchfield-lsn.ru/";"+7 (495) 803-2134";"lsn@larchfield.ru"
"https://icatalog.expocentr.ru/ru/exhibitions/190a3ab6-1050-11f0-80ce-a0d3c1fab97f/exhibitors/378255?stand=4B096";"À≈ -»Õ—“–”Ã≈Õ“—, ŒŒŒ";"http://www.lec-instruments.ru/";"+7 (499) 707-1649";"sam@lec-instruments.ru"
"https://icatalog.expocentr.ru/ru/exhibitions/190a3ab6-1050-11f0-80ce-a0d3c1fab97f/exhibitors/378276?stand=4B040";"À≈—Œ’»Ã» , Œ¿Œ";"http://www.lesohimik.by/";"+375 44 5788119";"tnp@lesohimik.by"
"https://icatalog.expocentr.ru/ru/exhibitions/190a3ab6-1050-11f0-80ce-a0d3c1fab97f/exhibitors/378241?stand=4D090";"À» »—  ≈Ã» ¿À—, ŒŒŒ";"http://www.likischem.com/";"+7 (495) 973-6493";"info@likischem.com"
"https://icatalog.expocentr.ru/ru/exhibitions/190a3ab6-1050-11f0-80ce-a0d3c1fab97f/exhibitors/378890?stand=4E158";"À Ã » »’ œ–»Ã≈Õ≈Õ»≈, ∆”–Õ¿À, ŒŒŒ";"http://paint-media.com/";"+7 (499) 272-4570, (985) 193-9779";"manager@paint-media.com"
"https://icatalog.expocentr.ru/ru/exhibitions/190a3ab6-1050-11f0-80ce-a0d3c1fab97f/exhibitors/378261?stand=4C001";"Ã≈√¿œÀ¿—“";"http://mp-composite.ru/";"+7 (4922) 540-190";"info@mp-composite.ru"
"https://icatalog.expocentr.ru/ru/exhibitions/190a3ab6-1050-11f0-80ce-a0d3c1fab97f/exhibitors/378339?stand=4F040";"Ã≈–»“  ≈Ã» ¿À—, ŒŒŒ";"https://www.interlak-expo.ru/";"";""
"https://icatalog.expocentr.ru/ru/exhibitions/190a3ab6-1050-11f0-80ce-a0d3c1fab97f/exhibitors/378407?stand=2C070";"Ã≈“¿œŒÀ»Ã≈–, ŒŒŒ";"http://www.metapolimer.ru/";"+7 (495) 741-1558";"info@metapolimer.ru"
"https://icatalog.expocentr.ru/ru/exhibitions/190a3ab6-1050-11f0-80ce-a0d3c1fab97f/exhibitors/380628?stand=4C010";"Ã»Õ»—“≈–—“¬Œ œ–ŒÃ€ÿÀ≈ÕÕŒ—“» “Œ–√Œ¬À» –Œ——»…— Œ… ‘≈ƒ≈–¿÷»» (Ã»Õœ–ŒÃ“Œ–√ –Œ——»»)";"http://www.minpromtorg.gov.ru/";"+7 (495) 539-2187";"info_admin@minprom.gov.ru"
"https://icatalog.expocentr.ru/ru/exhibitions/190a3ab6-1050-11f0-80ce-a0d3c1fab97f/exhibitors/378414?stand=2D100";"Õ≈Œ  ≈Ã» ¿À, ŒŒŒ";"http://www.neochemical.ru/";"8 800 301-1588";"contact@neochemical.ru"
"https://icatalog.expocentr.ru/ru/exhibitions/190a3ab6-1050-11f0-80ce-a0d3c1fab97f/exhibitors/378263?stand=4B050";"Õ≈Œ—“¿“";"http://neostatnn.ru/";"+7 (8314) 239-636";"sales@neostatnn.ru"
"https://icatalog.expocentr.ru/ru/exhibitions/190a3ab6-1050-11f0-80ce-a0d3c1fab97f/exhibitors/378260?stand=2C075";"Õ≈Œ’»Ã";"http://www.neohim.com/";"+7 (812) 702-1246";"contact@neohim.com"
"https://icatalog.expocentr.ru/ru/exhibitions/190a3ab6-1050-11f0-80ce-a0d3c1fab97f/exhibitors/378299?stand=2C085";"Õ≈“◊ “”À¿";"https://grinding.netzsch.com/";"+7 (4872) 252-820";"info.ntr@netzsch.ru"
"https://icatalog.expocentr.ru/ru/exhibitions/190a3ab6-1050-11f0-80ce-a0d3c1fab97f/exhibitors/378330?stand=4D070";"ÕŒ¬¿ﬂ ¡¿Õ ¿ »« ≈¬–Œœ€ (Õ.¡.≈.), ŒŒŒ";"http://www.tver-nbe.ru/";"+7 (495) 590-7604";"a.smirnova@tver-nbe.ru"
"https://icatalog.expocentr.ru/ru/exhibitions/190a3ab6-1050-11f0-80ce-a0d3c1fab97f/exhibitors/378400?stand=4D015";"ÕŒ¬€… ƒŒÃ, ŒŒŒ (œ¿À»∆ô)";"http://www.palizh.com/";"+7 (3412) 464-700";"info@palizh.ru"
"https://icatalog.expocentr.ru/ru/exhibitions/190a3ab6-1050-11f0-80ce-a0d3c1fab97f/exhibitors/378250?stand=4D105";"ÕŒ–“≈ —, ŒŒŒ";"http://www.nortex-chem.ru/";"+7 (495) 225-4440";"info@nortex.ru"
"https://icatalog.expocentr.ru/ru/exhibitions/190a3ab6-1050-11f0-80ce-a0d3c1fab97f/exhibitors/380775?stand=4C115";"Œ —»ƒ-œ»√Ã≈Õ“";"http://www.opigment.ru/";"";""
"https://icatalog.expocentr.ru/ru/exhibitions/190a3ab6-1050-11f0-80ce-a0d3c1fab97f/exhibitors/378248?stand=2D070";"ŒÃ»¿ ¿À√ŒÀ –”—, ¿Œ";"http://www.omyalgol.com/";"+7 (495) 925-5630";"info@omya-algol.com"
"https://icatalog.expocentr.ru/ru/exhibitions/190a3ab6-1050-11f0-80ce-a0d3c1fab97f/exhibitors/378307?stand=2B125";"ŒÃÕ»“»Õ“, ŒŒŒ";"http://omnitint.ru/";"+7 (495) 211-0536";"ask@omnitint.ru"
"https://icatalog.expocentr.ru/ru/exhibitions/190a3ab6-1050-11f0-80ce-a0d3c1fab97f/exhibitors/378692?stand=2E040";"Œ–√—»Õ“≈« œ–ŒÀ¿¡";"http://www.novadisp.ru/";"8 800 500-8767";"info@novaroll.ru"
"https://icatalog.expocentr.ru/ru/exhibitions/190a3ab6-1050-11f0-80ce-a0d3c1fab97f/exhibitors/379997?stand=4B125";"Œ–√’»Ãœ–ŒÃ, ŒŒŒ";"https://orgchimprom.ru/";"+7 (8313) 201-125";"orgchimprom@r52.ru"
"https://icatalog.expocentr.ru/ru/exhibitions/190a3ab6-1050-11f0-80ce-a0d3c1fab97f/exhibitors/378332?stand=2E010";"œ≈ ¿ ’≈Ã» –”—";"https://www.interlak-expo.ru/";"+7 (495) 240-5105";"office@belpeka.com"
"https://icatalog.expocentr.ru/ru/exhibitions/190a3ab6-1050-11f0-80ce-a0d3c1fab97f/exhibitors/378273?stand=2D080";"œ»√Ã≈Õ“, ¿Œ";"http://www.krata.ru/";"+7 (4752) 795-094";"info@krata.ru"
"https://icatalog.expocentr.ru/ru/exhibitions/190a3ab6-1050-11f0-80ce-a0d3c1fab97f/exhibitors/378421?stand=2E055";"œ ‘ »Õ——“¿À‹, ŒŒŒ";"http://www.instzinc.ru/";"+7 (351) 259-7521, (351) 202-0333";"info@instzinc.ru"
"https://icatalog.expocentr.ru/ru/exhibitions/190a3ab6-1050-11f0-80ce-a0d3c1fab97f/exhibitors/378538?stand=4D135";"œÀ¿—“» -—“–Œ…Ã¿– ≈“, ŒŒŒ";"http://www.untec.ru/";"8 800 775-5625";"katya2006.06@mail.ru"
"https://icatalog.expocentr.ru/ru/exhibitions/190a3ab6-1050-11f0-80ce-a0d3c1fab97f/exhibitors/378545?stand=4E120";"œŒÀ»¬≈–—  ≈Ã» ¿À, ŒŒŒ";"https://www.interlak-expo.ru/";"+7 (495) 228-7044";"info@polyverse.ru"
"https://icatalog.expocentr.ru/ru/exhibitions/190a3ab6-1050-11f0-80ce-a0d3c1fab97f/exhibitors/378284?stand=4E155";"œŒÀ»ƒ»—, ŒŒŒ";"http://www.polydis.su/";"+7 (4912) 434-381";"info@polydis.su"
"https://icatalog.expocentr.ru/ru/exhibitions/190a3ab6-1050-11f0-80ce-a0d3c1fab97f/exhibitors/378246?stand=4D040";"œŒÀ»œÀ¿—“, ¿Œ";"http://www.polyplast-un.ru/";"+7 (48762) 21-136";"sekretar@polyplast-nm.ru"
"https://icatalog.expocentr.ru/ru/exhibitions/190a3ab6-1050-11f0-80ce-a0d3c1fab97f/exhibitors/378695?stand=2C080";"œŒÀ»’»Ã";"http://poly-him.ru/";"+7 (495) 145-7553";"office@poly-him.ru"
"https://icatalog.expocentr.ru/ru/exhibitions/190a3ab6-1050-11f0-80ce-a0d3c1fab97f/exhibitors/378696?stand=4E070";"œŒÀ»’»Ã ŒÃœÀ≈ “-Ã";"http://www.phkomp-m.ru/";"+7 (495) 246-1384";"chemistry@phkomp-m.ru"
"https://icatalog.expocentr.ru/ru/exhibitions/190a3ab6-1050-11f0-80ce-a0d3c1fab97f/exhibitors/378335?stand=2C095";"œ–¿Õ—, ŒŒŒ";"http://www.prans.ru/";"+7 (496) 775-7096";"info@gvpb.ru"
"https://icatalog.expocentr.ru/ru/exhibitions/190a3ab6-1050-11f0-80ce-a0d3c1fab97f/exhibitors/378272?stand=2D110";"œ–Œ-2000";"http://www.rucca-pro.ru/";"8 800 550-1989";"sale@rucca-pro.ru"
"https://icatalog.expocentr.ru/ru/exhibitions/190a3ab6-1050-11f0-80ce-a0d3c1fab97f/exhibitors/378397?stand=2F010";"œ–ŒÀ¿ ⁄";"http://www.pro-lack.ru/";"+7 (495) 988-1187";"info@pro-lack.ru"
"https://icatalog.expocentr.ru/ru/exhibitions/190a3ab6-1050-11f0-80ce-a0d3c1fab97f/exhibitors/378420?stand=2D040";"œ–ŒÃ Œ”“, ŒŒŒ";"http://www.promcoat.ru/";"+7 (812) 380-6066";"elena.rumyantseva@promcoat.ru"
"https://icatalog.expocentr.ru/ru/exhibitions/190a3ab6-1050-11f0-80ce-a0d3c1fab97f/exhibitors/378816?stand=4E133";"œ–ŒÃ€ÿÀ≈ÕÕ¿ﬂ Œ –¿— ¿, ∆”–Õ¿À (Ã— )";"http://www.industrial-coatings.ru/";"+7 (495) 194-53820";"comers@mg-agency.com"
"https://icatalog.expocentr.ru/ru/exhibitions/190a3ab6-1050-11f0-80ce-a0d3c1fab97f/exhibitors/378693?stand=4C040";"œ–Œ’»Ã";"http://www.himiya.pro/";"+7 (499) 744-1454";"info@himiya.pro"
"https://icatalog.expocentr.ru/ru/exhibitions/190a3ab6-1050-11f0-80ce-a0d3c1fab97f/exhibitors/379988?stand=4A081";"–2–, ŒŒŒ";"http://www.roll2roll.biz/";"+7 (499) 968-5616";"sales2@roll2roll.biz"
"https://icatalog.expocentr.ru/ru/exhibitions/190a3ab6-1050-11f0-80ce-a0d3c1fab97f/exhibitors/378237?stand=2D120";"–¿ƒ»¿Õ“  ≈Ã» ¿À—, ŒŒŒ";"http://www.radiantchem.ru/";"+7 (499) 426-2607";"info@radiantchem.ru"
"https://icatalog.expocentr.ru/ru/exhibitions/190a3ab6-1050-11f0-80ce-a0d3c1fab97f/exhibitors/378301?stand=2E025";"–¿…Õ—“ŒÕ “–≈…ƒ»Õ√, ŒŒŒ";"https://rhinestone.pro/";"+7 (495) 120-5583";"secretar@rhinestone.ch"
"https://icatalog.expocentr.ru/ru/exhibitions/190a3ab6-1050-11f0-80ce-a0d3c1fab97f/exhibitors/378888?stand=4C050";"–¿ÕœÀ≈–";"http://www.runpler.ru/";"+7 (495) 741-8898";"info@runpler.ru"
"https://icatalog.expocentr.ru/ru/exhibitions/190a3ab6-1050-11f0-80ce-a0d3c1fab97f/exhibitors/378403?stand=2B045";"–≈¬¿ƒ¿";"http://www.revada-group.com/";"+7 (495) 955-2442";"info@revada-group.com"
"https://icatalog.expocentr.ru/ru/exhibitions/190a3ab6-1050-11f0-80ce-a0d3c1fab97f/exhibitors/378240?stand=4D080";"–≈Ã- ŒÀŒ–";"http://www.rem-color.by/";"+375 17 35313177";"remcolor@gmail.com"
"https://icatalog.expocentr.ru/ru/exhibitions/190a3ab6-1050-11f0-80ce-a0d3c1fab97f/exhibitors/378230?stand=4C090";"–»‘-Ã» –ŒÃ–¿ÃŒ–, ŒŒŒ";"http://www.micromramor.ru/";"+7 (3519) 580-850";"office@rif-mmr.ru"
"https://icatalog.expocentr.ru/ru/exhibitions/190a3ab6-1050-11f0-80ce-a0d3c1fab97f/exhibitors/378697?stand=4E010";"–Œ—’»Ã, ¿Œ";"https://ruschem.ru/";"+7 (495) 130-0011";"info@ruschem.ru"
"https://icatalog.expocentr.ru/ru/exhibitions/190a3ab6-1050-11f0-80ce-a0d3c1fab97f/exhibitors/378782?stand=2B020";"–”—¿À";"https://www.interlak-expo.ru/";"+7 (8442) 745-688";"Yuliya.Komarova2@rusal.com"
"https://icatalog.expocentr.ru/ru/exhibitions/190a3ab6-1050-11f0-80ce-a0d3c1fab97f/exhibitors/378256?stand=4C080";"–”— ≈Ã» ¿À— √–”œœ, ŒŒŒ";"http://www.ruschemicals.com/";"+7 (812) 407-2696";"info@ruschemicals.com"
"https://icatalog.expocentr.ru/ru/exhibitions/190a3ab6-1050-11f0-80ce-a0d3c1fab97f/exhibitors/378265?stand=4C105";"–”— ŒÀŒ–À¿¡";"http://ruscolorlab.com/";"+7 (980) 196-7373, (980) 194-2323";"info@ruscolorlab.com"
"https://icatalog.expocentr.ru/ru/exhibitions/190a3ab6-1050-11f0-80ce-a0d3c1fab97f/exhibitors/378229?stand=2B090";"–”—œ–ŒÃ-Ã, ŒŒŒ";"http://www.rpchem.ru/";"+7 (499) 380-8737";"info@rpchem.ru"
"https://icatalog.expocentr.ru/ru/exhibitions/190a3ab6-1050-11f0-80ce-a0d3c1fab97f/exhibitors/378817?stand=4E125";"–ÛÒ—ËÎËÍ‡, ŒŒŒ";"http://russilica.ru/";"8 800 222-8008";"info@russilica.ru"
"https://icatalog.expocentr.ru/ru/exhibitions/190a3ab6-1050-11f0-80ce-a0d3c1fab97f/exhibitors/378300?stand=4D010";"–”—— ¿ﬂ —€–‹≈¬¿ﬂ  ŒÃœ¿Õ»ﬂ, ŒŒŒ";"http://www.rskmsk.ru/";"+7 (495) 901-0180";"info@rsk.pro"
"https://icatalog.expocentr.ru/ru/exhibitions/190a3ab6-1050-11f0-80ce-a0d3c1fab97f/exhibitors/378544?stand=4C043";"–”——Œ »Õƒ¿—“–»¿À, ŒŒŒ";"http://www.russoindustrial.ru/";"+7 (495) 231-2216";"info@russoind.ru"
"https://icatalog.expocentr.ru/ru/exhibitions/190a3ab6-1050-11f0-80ce-a0d3c1fab97f/exhibitors/378251?stand=2B015";"–”—’»Ã—≈“‹";"http://www.rushimset.ru/";"+7 (495) 291-4710";"mail@rushimset.ru"
"https://icatalog.expocentr.ru/ru/exhibitions/190a3ab6-1050-11f0-80ce-a0d3c1fab97f/exhibitors/379993?stand=4E040";"—¿À¿¬¿“— »… Õ≈‘“≈’»Ã»◊≈— »…  ŒÃœÀ≈ —, ŒŒŒ";"https://snck.ru/";"+7 (812) 320-0770";"info@snck.ru"
"https://icatalog.expocentr.ru/ru/exhibitions/190a3ab6-1050-11f0-80ce-a0d3c1fab97f/exhibitors/380672?stand=4E040";"—»¡”–";"http://www.sibur.ru/";"+7 (495) 777-5500";"info@sibur.ru"
"https://icatalog.expocentr.ru/ru/exhibitions/190a3ab6-1050-11f0-80ce-a0d3c1fab97f/exhibitors/378404?stand=4B095";"—»À» —»¿…›—, ŒŒŒ";"http://www.sili-cis.ru/";"+7 (4872) 25-66-67";"akhmatov@sili.eu"
"https://icatalog.expocentr.ru/ru/exhibitions/190a3ab6-1050-11f0-80ce-a0d3c1fab97f/exhibitors/380776?stand=2B095";"—»Õ“≈« ÷¬≈“¿";"https://www.interlak-expo.ru/";"";""
"https://icatalog.expocentr.ru/ru/exhibitions/190a3ab6-1050-11f0-80ce-a0d3c1fab97f/exhibitors/378409?stand=4F150";"—»Õ“≈«, ŒŒŒ";"https://www.interlak-expo.ru/";"+7 (926) 265-6963";"info@sint.moscow"
"https://icatalog.expocentr.ru/ru/exhibitions/190a3ab6-1050-11f0-80ce-a0d3c1fab97f/exhibitors/378425?stand=2C050";"—À¿Õ÷€-’»Ã";"http://www.slantsy.spb.ru/";"+7 (812) 325-9838";"info@slantsy.spb.ru"
"https://icatalog.expocentr.ru/ru/exhibitions/190a3ab6-1050-11f0-80ce-a0d3c1fab97f/exhibitors/378401?stand=2A030";"—Ã¿–“ »Õ—“–”Ã≈Õ“—";"http://www.smart-instruments.su/";"+7 (812) 320-7510";"info@smart-instruments.ru"
"https://icatalog.expocentr.ru/ru/exhibitions/190a3ab6-1050-11f0-80ce-a0d3c1fab97f/exhibitors/380777?stand=4B030";"—Œﬁ« –¿— ¿, ¿——Œ÷»¿÷»ﬂ œ–Œ»«¬Œƒ»“≈À≈… À¿ Œ –¿—Œ◊Õ€’ Ã¿“≈–»¿ÀŒ¬";"https://www.interlak-expo.ru/";"";""
"https://icatalog.expocentr.ru/ru/exhibitions/190a3ab6-1050-11f0-80ce-a0d3c1fab97f/exhibitors/380736?stand=4A095";"—“ËÃ, √ÛÔÔ‡ ÍÓÏÔ‡ÌËÈ";"http://www.stim.by/";"+375 (162) 508282";"zakaz@stim.by"
"https://icatalog.expocentr.ru/ru/exhibitions/190a3ab6-1050-11f0-80ce-a0d3c1fab97f/exhibitors/378264?stand=4F140";"—”œ≈– Õ≈…◊≈– (“Ã LUNA)";"https://luna-paints.ru/";"+7 (495) 722-2462";"info@leinos.ru"
"https://icatalog.expocentr.ru/ru/exhibitions/190a3ab6-1050-11f0-80ce-a0d3c1fab97f/exhibitors/378694?stand=4B035";"“¿À‹ ŒÃ¿√Õ≈«»“";"http://xn--80auc0a6c.xn--p1ai/";"8 800 222-2595";"p.serova@uralcement.ru"
"https://icatalog.expocentr.ru/ru/exhibitions/190a3ab6-1050-11f0-80ce-a0d3c1fab97f/exhibitors/378426?stand=2C040";"“≈ —¿, ŒŒŒ";"http://www.tecsa.ru/";"+7 (495) 212-1160";"info@tecsa.ru"
"https://icatalog.expocentr.ru/ru/exhibitions/190a3ab6-1050-11f0-80ce-a0d3c1fab97f/exhibitors/380778?stand=4A045";"“≈–Ã¿À-—œ–≈…-“≈ ";"https://www.interlak-expo.ru/";"";""
"https://icatalog.expocentr.ru/ru/exhibitions/190a3ab6-1050-11f0-80ce-a0d3c1fab97f/exhibitors/378328?stand=2B105";"“≈’ÕŒÀ¿…Õ, ŒŒŒ";"http://www.teh-line.com/";"+7 (911) 902-7100";"info@teh-line.com"
"https://icatalog.expocentr.ru/ru/exhibitions/190a3ab6-1050-11f0-80ce-a0d3c1fab97f/exhibitors/380003?stand=2C010";"“≈’ÕŒÀŒ√»» œ–ŒÃ€ÿÀ≈ÕÕŒ√Œ —≈–¬»—¿, ŒŒŒ";"http://www.prom-osk.ru/";"+7 (812) 777-0099";"pr@prom-tool.ru"
"https://icatalog.expocentr.ru/ru/exhibitions/190a3ab6-1050-11f0-80ce-a0d3c1fab97f/exhibitors/378281?stand=4C160";"“≈’ÕŒÀŒ√»», ŒŒŒ";"http://www.vypar.ru/";"+7 (922) 233-3243";"89193000067@mail.ru"
"https://icatalog.expocentr.ru/ru/exhibitions/190a3ab6-1050-11f0-80ce-a0d3c1fab97f/exhibitors/378415?stand=4D045";"“≈’ÕŒÀŒ√»ﬂ » Ã¿“≈–»¿À€, ŒŒŒ";"http://www.technology-materials.ru/";"+7 (495) 150-0875";"info@technology-materials.ru"
"https://icatalog.expocentr.ru/ru/exhibitions/190a3ab6-1050-11f0-80ce-a0d3c1fab97f/exhibitors/380779?stand=4E100";"“»À¿Õ";"https://www.interlak-expo.ru/";"";""
"https://icatalog.expocentr.ru/ru/exhibitions/190a3ab6-1050-11f0-80ce-a0d3c1fab97f/exhibitors/378259?stand=2E068";"“Œ–√’»ÃœŒ—“¿¬ ¿, -";"http://www.yokes.ru/";"8 800 550-0475";"sales@yokes.ru"
"https://icatalog.expocentr.ru/ru/exhibitions/190a3ab6-1050-11f0-80ce-a0d3c1fab97f/exhibitors/378542?stand=2E120";"“Œ—ŒÀ-—»Õ“≈«";"http://www.pav-ts.ru/";"+7 (8313) 255-332";"t-s@t-s.ru"
"https://icatalog.expocentr.ru/ru/exhibitions/190a3ab6-1050-11f0-80ce-a0d3c1fab97f/exhibitors/380673?stand=4A107";"“Œ◊ ¿ ŒœŒ–€ –≈ƒ¿ ÷»ﬂ ∆”–Õ¿À¿";"http://www.to-inform.ru/";"+7 (926) 111-4407";"2312114@mail.ru"
"https://icatalog.expocentr.ru/ru/exhibitions/190a3ab6-1050-11f0-80ce-a0d3c1fab97f/exhibitors/378887?stand=4B090";"“–≈…ƒ› —";"http://www.hanpeony.ru/";"+7 (927) 206-3777";"tradexru@gmail.com"
"https://icatalog.expocentr.ru/ru/exhibitions/190a3ab6-1050-11f0-80ce-a0d3c1fab97f/exhibitors/378698?stand=2B100";"‘¿¡ ﬂÿ¿Ã, ŒŒŒ";"http://fab-yasham.ru/";"+7 (968) 759-0910";"fab.yasham@gmail.com"
"https://icatalog.expocentr.ru/ru/exhibitions/190a3ab6-1050-11f0-80ce-a0d3c1fab97f/exhibitors/378239?stand=4B041";"‘¿—¿ƒ ŒÀŒ–, ŒŒŒ";"http://www.fasad-color.com/";"+7 (950) 866-8080";"director@fasad-color.com"
"https://icatalog.expocentr.ru/ru/exhibitions/190a3ab6-1050-11f0-80ce-a0d3c1fab97f/exhibitors/378266?stand=4D100";"‘»Õ –¿— ¿ Ã";"http://finkraska.ru/";"+7 (495) 980-8779";"prom@finkraska.ru"
"https://icatalog.expocentr.ru/ru/exhibitions/190a3ab6-1050-11f0-80ce-a0d3c1fab97f/exhibitors/379453?stand=4E050";"‘»ÕÕƒ»—œ";"https://finndisp.ru/";"+7 (495) 201-0777";"dispersion@finndisp.ru"
"https://icatalog.expocentr.ru/ru/exhibitions/190a3ab6-1050-11f0-80ce-a0d3c1fab97f/exhibitors/378886?stand=4E025";"‘À»Õ“, ŒŒŒ";"https://www.interlak-expo.ru/";"";"flint.product@gmail.com"
"https://icatalog.expocentr.ru/ru/exhibitions/190a3ab6-1050-11f0-80ce-a0d3c1fab97f/exhibitors/378422?stand=4D085";"‘Œ–Ã”À¿ ”—œ≈’¿, ŒŒŒ";"http://www.actischemicals.ru/";"+7 (495) 790-0373";"hello@actischemicals.ru"
"https://icatalog.expocentr.ru/ru/exhibitions/190a3ab6-1050-11f0-80ce-a0d3c1fab97f/exhibitors/378257?stand=4A080";"‘Œ–œÀ¿—“ “–≈…ƒ»Õ√, ŒŒŒ";"http://www.forplastwax.ru/";"+7 (342) 225-0013";"office@ftchem.ru"
"https://icatalog.expocentr.ru/ru/exhibitions/190a3ab6-1050-11f0-80ce-a0d3c1fab97f/exhibitors/378298?stand=4B110";"‘–›…Ã, ƒŒ¡¿¬ » ¬ ¡≈“ŒÕ » œ»√Ã≈Õ“€";"http://www.frame-corp.ru/";"+7 (499) 677-5787";"director@frame-corp.ru"
"https://icatalog.expocentr.ru/ru/exhibitions/190a3ab6-1050-11f0-80ce-a0d3c1fab97f/exhibitors/379989?stand=4B110";"‘–›…Ã, «¿¬Œƒ ƒŒ¡¿¬Œ  » —Ã¿«Œ , «¿Œ";"http://frem.by/";"+375 17 388-7387";"info@frem.by"
"https://icatalog.expocentr.ru/ru/exhibitions/190a3ab6-1050-11f0-80ce-a0d3c1fab97f/exhibitors/378267?stand=4E095";"’»Ã¿À‹ﬂÕ—, √ , ŒŒŒ";"http://www.himalyans.ru/";"+7 (831) 337-0535";"info@himalyans.ru"
"https://icatalog.expocentr.ru/ru/exhibitions/190a3ab6-1050-11f0-80ce-a0d3c1fab97f/exhibitors/380780?stand=2D095";"’»Ã¡≈–√";"https://www.interlak-expo.ru/";"";""
"https://icatalog.expocentr.ru/ru/exhibitions/190a3ab6-1050-11f0-80ce-a0d3c1fab97f/exhibitors/380734?stand=4A044";"’»ÃƒŒ–, ŒŒŒ";"https://www.interlak-expo.ru/";"+7 (910) 101-3597";"Ximdor@mail.ru"
"https://icatalog.expocentr.ru/ru/exhibitions/190a3ab6-1050-11f0-80ce-a0d3c1fab97f/exhibitors/378419?stand=4F010";"’»Ãœ› ";"http://chempack.ru/";"+7 (495) 234-3799";"chempack@chempack.ru"
"https://icatalog.expocentr.ru/ru/exhibitions/190a3ab6-1050-11f0-80ce-a0d3c1fab97f/exhibitors/378254?stand=4D125";"’»Ã—¬≈“, Õœ ";"http://www.himsvet.ru/";"+7 (812) 445-4009";"himsvet@himsvet.ru"
"https://icatalog.expocentr.ru/ru/exhibitions/190a3ab6-1050-11f0-80ce-a0d3c1fab97f/exhibitors/378602?stand=2C105";"’»Ã—≈–¬»—-Ã";"http://www.himserwis.ru/";"";""
"https://icatalog.expocentr.ru/ru/exhibitions/190a3ab6-1050-11f0-80ce-a0d3c1fab97f/exhibitors/379640?stand=2F070";"’»Ã—“–Œ… ŒÃœÀ≈ “, ŒŒŒ";"http://www.hsk-msk.ru/";"+7 (925) 445-7356";"ahk@hsk.msk.ru"
"https://icatalog.expocentr.ru/ru/exhibitions/190a3ab6-1050-11f0-80ce-a0d3c1fab97f/exhibitors/378249?stand=4C045";"’ŒÀÀ»ƒ≈… œ»√Ã≈Õ“—";"http://www.holliday-pigments.ru/";"+7 (812) 777-7334";"info@holliday-pigments.ru"
"https://icatalog.expocentr.ru/ru/exhibitions/190a3ab6-1050-11f0-80ce-a0d3c1fab97f/exhibitors/378413?stand=2E070";"’ŒÃ¿,  ŒÃœ¿Õ»ﬂ, ŒŒŒ";"http://www.homa.ru/";"+7 (495) 781-6682";"zakaz@homa.ru"
"https://icatalog.expocentr.ru/ru/exhibitions/190a3ab6-1050-11f0-80ce-a0d3c1fab97f/exhibitors/378275?stand=2D090";"÷¬≈“, Œ¿Œ";"http://www.cwet.ru/";"+7 (4942) 778-203";"info@cwet.ru"
"https://icatalog.expocentr.ru/ru/exhibitions/190a3ab6-1050-11f0-80ce-a0d3c1fab97f/exhibitors/380781?stand=2A095";"÷≈Õ“– ¬«¿»ÃŒƒ≈…—“¬»ﬂ — Œ“–¿—À≈¬€Ã» Œ–√¿Õ»«¿÷»ﬂÃ»";"https://www.interlak-expo.ru/";"";""
"https://icatalog.expocentr.ru/ru/exhibitions/190a3ab6-1050-11f0-80ce-a0d3c1fab97f/exhibitors/378396?stand=2B050";"÷≈Õ“–  ŒÃœÀ≈ “¿÷»» Œ¡Œ–”ƒŒ¬¿Õ»≈Ã, ŒŒŒ";"https://aec-profi.ru/";"+7 (985) 728-4838";"info@aec-profi.ru"
"https://icatalog.expocentr.ru/ru/exhibitions/190a3ab6-1050-11f0-80ce-a0d3c1fab97f/exhibitors/378428?stand=4E110";"◊¿…Õ¿  ≈Ã» À, ŒŒŒ";"http://www.dragon-cce.ru/";"+7 (863) 200-7419";"koshelev@dragon-cce.ru"
"https://icatalog.expocentr.ru/ru/exhibitions/190a3ab6-1050-11f0-80ce-a0d3c1fab97f/exhibitors/378245?stand=2E175";"›¬¿, ŒŒŒ";"http://www.eva-si.ru/";"+7 (495) 744-3944";"info@eva-si.ru"
"https://icatalog.expocentr.ru/ru/exhibitions/190a3ab6-1050-11f0-80ce-a0d3c1fab97f/exhibitors/378268?stand=4B060";"›¬≈–≈—“, ŒŒŒ";"http://mramors.ru/";"8 800 555-2952";"info@everestmramor.ru"
"https://icatalog.expocentr.ru/ru/exhibitions/190a3ab6-1050-11f0-80ce-a0d3c1fab97f/exhibitors/379991?stand=2F120";"›¬›–“¿…Ã— Õ‹ﬁ Ã¿“≈–»¿À—, ŒŒŒ";"http://www.evertimes.pro/";"+7 (495) 909-2008";"office@evertimes.pro"
"https://icatalog.expocentr.ru/ru/exhibitions/190a3ab6-1050-11f0-80ce-a0d3c1fab97f/exhibitors/378297?stand=2C055";"›À¿—“ŒÃ≈–»  —»—“≈Ã—, ŒŒŒ";"http://www.elastomeric.ru/";"8 800 775-6105";"info@elastomeric.ru"
"https://icatalog.expocentr.ru/ru/exhibitions/190a3ab6-1050-11f0-80ce-a0d3c1fab97f/exhibitors/378302?stand=4F030";"ﬁ—»ƒ∆»";"http://www.ucgrus.com/";"+7 (495) 956-2873";"info@ucgrus.com"
"https://icatalog.expocentr.ru/ru/exhibitions/190a3ab6-1050-11f0-80ce-a0d3c1fab97f/exhibitors/379211?stand=4E045";"ﬁ“√, ŒŒŒ";"http://www.utgrus.com/";"+7 (812) 240-4847";"sales@utgrus.com"
