Ссылка;Название;Сайт;Телефон;Email;Рубрики
https://icatalog.expocentr.ru/ru/exhibitions/f33d0466-98f8-11ef-80ce-a0d3c1fab97f/exhibitors/380464?&stand=8B184;ANPING COUNTY GUANGMING METAL PRODUCTS CO. LTD;https://www.gmwiremesh.com/;863 187 967 688;liyanan@apgmjs.com;Оборудование и приспособления для очистки забоя при бурении ствола скважины. Буровые насосы, манифольды, шланги, вибросита, гидроциклоны, песко- и глиноотделители, шламоуловители, илоотделители, осадители, приемные емкости, центрифуги, дегазаторы бурового раствора Установки ситогидроциклонные, пескоотделители и сита
https://icatalog.expocentr.ru/ru/exhibitions/f33d0466-98f8-11ef-80ce-a0d3c1fab97f/exhibitors/380944?&stand=8D155;ASHAPURA INTERNATIONAL LTD;http://www.ashapura.com/;912 266 651 700;maya@ashapura.com;Бурение нефтяных и газовых скважин Сервис буровых растворов
https://icatalog.expocentr.ru/ru/exhibitions/f33d0466-98f8-11ef-80ce-a0d3c1fab97f/exhibitors/380747?&stand=8B090;BEIJING ZHH FLOW CONTROL SYSTEM CO. LTD;http://www.zhh-fcs.com/;8 617 836 970 745;yulia@ht11valve.com;Криогенные вентили, приводы и активаторы Нагнетательные манифольды, запорная и регулирующая арматура
https://icatalog.expocentr.ru/ru/exhibitions/f33d0466-98f8-11ef-80ce-a0d3c1fab97f/exhibitors/380933?&stand=8B045;CNPC JICHAI POWER COMPANY LIMITED;http://jichai.cnpc.com.cn/;86 531-87422800;414118629@qq.com;Буровые установки Привод бурильной колонны
https://icatalog.expocentr.ru/ru/exhibitions/f33d0466-98f8-11ef-80ce-a0d3c1fab97f/exhibitors/380156?&stand=8C196;CNPS.COM LIMITED;http://www.cnps.com/;8 613 695 462 223;sales@cnps.com;Транспорт сырой нефти и газа на промыслах. Трубы и трубопроводная арматура промысловых трубопроводов. Насосы дожимные, компрессоры Насосно-компрессорные трубы, устьевое и забойное оборудование добывающих скважин, фильтры
https://icatalog.expocentr.ru/ru/exhibitions/f33d0466-98f8-11ef-80ce-a0d3c1fab97f/exhibitors/380485?&stand=8E170;CZ ELECTRIC CO. LTD;http://www.cz-ex.com/;8 657 383 883 599;czwh@cz-ex.com;Электрическое оборудование. Промышленное освещение Осветительное оборудование
https://icatalog.expocentr.ru/ru/exhibitions/f33d0466-98f8-11ef-80ce-a0d3c1fab97f/exhibitors/380170?&stand=8C054;EPC-КОМПЛЕКТ;http://epc.su/;7 (8442) 61-28-31;info@epc.su;Электрическое оборудование. Промышленное освещение Кабельная продукция
https://icatalog.expocentr.ru/ru/exhibitions/f33d0466-98f8-11ef-80ce-a0d3c1fab97f/exhibitors/380263?&stand=8B110;FEEJOY;https://www.neftegaz-expo.ru/;7 (499) 967-7799;sales.msh@ultra-gk.ru;Измерительные приборы, расходомеры, сенсоры, управляющие устройства Системы автоматики и телемеханики. Контрольно-измерительные приборы, регуляторы технологических процессов переработки нефти и газа
https://icatalog.expocentr.ru/ru/exhibitions/f33d0466-98f8-11ef-80ce-a0d3c1fab97f/exhibitors/380436?&stand=8C075;FX FLOW CONTROL BV;http://www.fxflow.ru/;8 618 072 111 115;info@fxflow.cn;Криогенные вентили, приводы и активаторы Шаровые краны под газ
https://icatalog.expocentr.ru/ru/exhibitions/f33d0466-98f8-11ef-80ce-a0d3c1fab97f/exhibitors/380431?&stand=8C188;GIAHAR PRECISION METAL CO. LTD;http://www.precisioncasting.ru/;8 604 214 832 187;giahar@giahar-casting.com;Оборудование для поддержания пластового давления Способы и оборудование для добычи нефти и газа
https://icatalog.expocentr.ru/ru/exhibitions/f33d0466-98f8-11ef-80ce-a0d3c1fab97f/exhibitors/380680?&stand=8D150;GREATALL DYNAMIC CO. LTD;https://www.greatall.com/index_russian.aspx;862 750 757 677;info@greatall.com;Компрессоры для закачки газа в подземные хранилища Поршневые компрессоры
https://icatalog.expocentr.ru/ru/exhibitions/f33d0466-98f8-11ef-80ce-a0d3c1fab97f/exhibitors/380880?&stand=8D190;GUANGHAN N&D CARBIDE CO. LTD;http://www.ndcarbide.com/;868 385 631 888;info@ndcarbide.com;Установки погружных центробежных электронасосов для поддержания пластового давления Блоки насосные, агрегаты насосные
https://icatalog.expocentr.ru/ru/exhibitions/f33d0466-98f8-11ef-80ce-a0d3c1fab97f/exhibitors/380607?&stand=8D150;HEBEI JERRY PUMP CO. LTD;https://www.hbjrsyjx.com/;8 615 133 441 865;admin@hbjrsyjx.com;Глубинно-насосная добыча нефти
https://icatalog.expocentr.ru/ru/exhibitions/f33d0466-98f8-11ef-80ce-a0d3c1fab97f/exhibitors/380465?&stand=8B188;HEBEI OUHAO PIPELINE EQUIPMENT CO. LTD;https://www.hbohgd.com/;8 613 283 226 888;info@hbohgd.com;Транспорт сырой нефти и газа на промыслах. Трубы и трубопроводная арматура промысловых трубопроводов. Насосы дожимные, компрессоры Технологические трубопроводы. Оборудование, арматура. Насосы технологических трубопроводов. Трубная продукция
https://icatalog.expocentr.ru/ru/exhibitions/f33d0466-98f8-11ef-80ce-a0d3c1fab97f/exhibitors/380430?&stand=8E185;HEBEI YONGMING GEOLOGICAL PROJECT MACHINERY CO. LTD;http://www.hbymjx.com/;8 613 854 627 917;clark.wang@sdtype.com;Буровые установки Оборудование и приспособления для очистки забоя при бурении ствола скважины. Буровые насосы, манифольды, шланги, вибросита, гидроциклоны, песко- и глиноотделители, шламоуловители, илоотделители, осадители, приемные емкости, центрифуги, дегазаторы бурового раствора
https://icatalog.expocentr.ru/ru/exhibitions/f33d0466-98f8-11ef-80ce-a0d3c1fab97f/exhibitors/380508?&stand=8B174;HEILONGJIANG NORTH SHUANGJIA DRILLING TOOLS CO. LTD;https://nsj-drilling.ru/;8 615 145 386 673;grace@nsj-drilling.com;Оборудование и приспособления для спуско-подъемных операций при бурении Инструмент ловильный для ликвидации аварий при бурении
https://icatalog.expocentr.ru/ru/exhibitions/f33d0466-98f8-11ef-80ce-a0d3c1fab97f/exhibitors/380435?&stand=8C170;HQ Seals;http://www.hq-seal.com/;8 618 962 276 627;seals@hq-seal.com;Торцевые уплотнения для насосов, компрессоров и мешалок
https://icatalog.expocentr.ru/ru/exhibitions/f33d0466-98f8-11ef-80ce-a0d3c1fab97f/exhibitors/380315?&stand=8D170;HUATONG;https://www.ct-pipes.ru/;7 (916) 200-3553;songzhigang@huatongcables.com;Кабельная продукция Оборудование и инструмент для подземного ремонта скважин
https://icatalog.expocentr.ru/ru/exhibitions/f33d0466-98f8-11ef-80ce-a0d3c1fab97f/exhibitors/380164?&stand=8A055;INNERICA;http://www.innerica.ru/;7 (495) 920-5164;office@innerica.ru;Программное обеспечение Информационные технологии для инжиниринга Импортозамещение
https://icatalog.expocentr.ru/ru/exhibitions/f33d0466-98f8-11ef-80ce-a0d3c1fab97f/exhibitors/380882?&stand=8D192;JIANGSU HUAYING VALVES CO. LTD;http://www.jshyv.com/;8 651 085 400 056;darcy@jshyv.com;Криогенные вентили, приводы и активаторы Оборудование и оснастка линейной части трубопроводов. Трубы, запорная арматура, компенсаторы
https://icatalog.expocentr.ru/ru/exhibitions/f33d0466-98f8-11ef-80ce-a0d3c1fab97f/exhibitors/380324?&stand=8D182;JIANGSU RUDONG LIANFENG PETROLEUM MACHINERY CO. LTD;http://www.srlf.cn/en/;8 651 384 108 108;rdlfyx@126.com;Технические средства для подвешивания бурильных труб. Крюки, штропы, элеваторы, канатные зажимы Инструменты для свинчивания и развинчивания бурильных труб
https://icatalog.expocentr.ru/ru/exhibitions/f33d0466-98f8-11ef-80ce-a0d3c1fab97f/exhibitors/380328?&stand=8D186;JIANGYIN FANGYUAN RINGLIKE FORGING & FLANGE CO. LTD;http://www.fangyuanforging.cn/;8 651 086 236 598;john.zhou@fangyuanforging.cn;Резервуары и емкости высокого давления Нефтехимическое оборудование
https://icatalog.expocentr.ru/ru/exhibitions/f33d0466-98f8-11ef-80ce-a0d3c1fab97f/exhibitors/380434?&stand=8C174;JIUJIANG LANZO NEW MATERIAL TECHNOLOGY CO. LTD;http://www.lanzochem.com/;8 607 928 125 225;sales001@lanzochem.com;Диспергенты для ликвидации разлива нефти Смазочные материалы
https://icatalog.expocentr.ru/ru/exhibitions/f33d0466-98f8-11ef-80ce-a0d3c1fab97f/exhibitors/380326?&stand=8D184;NINGBO KINGLI FASTENER CO. LTD;http://www.kl-fastener.com/;8 657 486 535 590;cicely@kl-fastener.com;Крепеж и метизы
https://icatalog.expocentr.ru/ru/exhibitions/f33d0466-98f8-11ef-80ce-a0d3c1fab97f/exhibitors/380484?&stand=8E170;PLATINUM VALVE (ZHEJIANG) CO. LTD;https://www.platinumvalve.com/;8 657 767 055 773;sales@platinumvalve.com;Шаровые краны под газ Нагнетательные манифольды, запорная и регулирующая арматура
https://icatalog.expocentr.ru/ru/exhibitions/f33d0466-98f8-11ef-80ce-a0d3c1fab97f/exhibitors/380016?&stand=8H070;RealLab!;http://www.reallab.ru/;7 (495) 266-6700;info@reallab.ru;Импортозамещение Управление работой промыслов. Промысловая связь, автоматизация и телемеханизация на промыслах Системы автоматики и телемеханики. Контрольно-измерительные приборы, регуляторы технологических процессов переработки нефти и газа
https://icatalog.expocentr.ru/ru/exhibitions/f33d0466-98f8-11ef-80ce-a0d3c1fab97f/exhibitors/380245?&stand=8A150;SAVECONS;http://www.savecons.ru/;7 (963) 750-1905;info@savecons.ru;Услуги по сертификации и экспертной оценке Юридическая помощь
https://icatalog.expocentr.ru/ru/exhibitions/f33d0466-98f8-11ef-80ce-a0d3c1fab97f/exhibitors/380743?&stand=8C054;SELECTRIC;https://selectric.ru/;7 (499) 390-8000;v.trifonova@epc.su;Технологии обогрева процессов и системы использования возобновляемой энергии. Теплообменники. ORC-процессы и технологии Электрическое оборудование. Промышленное освещение
https://icatalog.expocentr.ru/ru/exhibitions/f33d0466-98f8-11ef-80ce-a0d3c1fab97f/exhibitors/380461?&stand=8A175;SENBEN LIGHTING CO. LTD;http://www.senbenlighting.com/;862 160 766 337;export@senben-sh.com;Осветительное оборудование Осветительное оборудование
https://icatalog.expocentr.ru/ru/exhibitions/f33d0466-98f8-11ef-80ce-a0d3c1fab97f/exhibitors/380605?&stand=8C072;SHANDONG FUTURE ROBOT CO. LTD;https://www.vvlai.com/;866 315 326 187;robot2@vvlai.com;Оборудование опорно-направляющих устройств морских скважин Установки для скважинных работ
https://icatalog.expocentr.ru/ru/exhibitions/f33d0466-98f8-11ef-80ce-a0d3c1fab97f/exhibitors/380429?&stand=8E180;SHANDONG WANDA CABLE CO. LTD;http://www.wandacable.com/;8 605 462 062 099;kevin@wandacable.com;Кабельная продукция Каротажные кабели
https://icatalog.expocentr.ru/ru/exhibitions/f33d0466-98f8-11ef-80ce-a0d3c1fab97f/exhibitors/380364?&stand=8D174;SHANDONG WEIMA EQUIPMENT SCIENCE & TECHNOLOGY CORPORATION LIMITED;http://www.weimagroup.com/;865 467 161 077;fpc@weimagroup.com;Оборудование, приспособления и инструменты при работах с бурильной колонной Бурильные трубы
https://icatalog.expocentr.ru/ru/exhibitions/f33d0466-98f8-11ef-80ce-a0d3c1fab97f/exhibitors/380861?&stand=8B135;SHANGHAI VALVE FACTORY CO. LTD;https://www.svf.com.cn/;7 788 347 930;svf@svf.com.cn;Нефтехимическое оборудование Технологические насосы и арматура
https://icatalog.expocentr.ru/ru/exhibitions/f33d0466-98f8-11ef-80ce-a0d3c1fab97f/exhibitors/380681?&stand=8D150;SHIJIAZHUANG SIPAITUO INTERNATIONAL TRADE CO. LTD;http://www.spt-seals.com/;8 631 185 040 591;sales@spt-seals.com;Герметизация буровых скважин в процессе бурения. Превенторы противовыбросовые, колонные головки Пакеры и якори
https://icatalog.expocentr.ru/ru/exhibitions/f33d0466-98f8-11ef-80ce-a0d3c1fab97f/exhibitors/380881?&stand=8D191;SICHUAN XINWEI RUBBER CO. LTD;http://www.xinweisino.com/;8 618 281 424 277;june@xinweisino.com;Герметизация буровых скважин в процессе бурения. Превенторы противовыбросовые, колонные головки Аппаратура для контроля и управления работой нефтедобывающих скважин. Телеизмерительные скважинные системы, системы управления насосными станциями
https://icatalog.expocentr.ru/ru/exhibitions/f33d0466-98f8-11ef-80ce-a0d3c1fab97f/exhibitors/380507?&stand=8B170;SICHUAN XIONGCHEN TECHNOLOGY CO. LTD;https://www.pdctool.com/;8 618 482 107 516;jennyli@pdctool.com;Наземный привод. Роторы, трансмиссии, редукторы, двигатели Оборудование и приспособления для спуско-подъемных операций при бурении
https://icatalog.expocentr.ru/ru/exhibitions/f33d0466-98f8-11ef-80ce-a0d3c1fab97f/exhibitors/380433?&stand=8C180;SUNKYE INTERNATIONAL CO. LTD;http://www.sunkye.com/;85 262 784 773;sales@sunkye.com;Методы, оборудование и аппаратура для геофизических исследований скважин Скважинные приборы, датчики геофизических сигналов и зонды
https://icatalog.expocentr.ru/ru/exhibitions/f33d0466-98f8-11ef-80ce-a0d3c1fab97f/exhibitors/380557?&stand=8C165;SUZHOU EKIPOR POWER TECHNOLOGIES CO. LTD;http://www.epiorpower.com/;8 613 915 239 329;jessica@ekipor.com;Двигатели на СПГ, двухтопливные двигатели, системы энергоснабжения
https://icatalog.expocentr.ru/ru/exhibitions/f33d0466-98f8-11ef-80ce-a0d3c1fab97f/exhibitors/380462?&stand=8A170;SUZHOU SKYFLOW TECHNOLOGY CO. LTD;http://www.skyflow-tech.com/;8 651 266 356 151;sales@skyflow-tech.com;Криогенные вентили, приводы и активаторы Технологические насосы и арматура
https://icatalog.expocentr.ru/ru/exhibitions/f33d0466-98f8-11ef-80ce-a0d3c1fab97f/exhibitors/380463?&stand=8B180;TIANJIN RICHSEN OIL EQUIPMENT CO. LTD;https://www.tjrichsen.com/;862 258 570 588;alina@richsen.cn;Оборудование и приспособления для очистки забоя при бурении ствола скважины. Буровые насосы, манифольды, шланги, вибросита, гидроциклоны, песко- и глиноотделители, шламоуловители, илоотделители, осадители, приемные емкости, центрифуги, дегазаторы бурового раствора
https://icatalog.expocentr.ru/ru/exhibitions/f33d0466-98f8-11ef-80ce-a0d3c1fab97f/exhibitors/380264?&stand=8B110;WEMETRO;https://www.neftegaz-expo.ru/;7 (499) 967-7799;sales.msh@ultra-gk.ru;Измерительные приборы, расходомеры, сенсоры, управляющие устройства Системы автоматики и телемеханики. Контрольно-измерительные приборы, регуляторы технологических процессов переработки нефти и газа
https://icatalog.expocentr.ru/ru/exhibitions/f33d0466-98f8-11ef-80ce-a0d3c1fab97f/exhibitors/380892?&stand=8B091;WENZHOU DONGYI MACHINERY MANUFACTURING CO. LTD;http://www.dycompressorparts.com/;8 613 770 705 366;tracy@wzdongyi.com.cn;Компрессоры поршневые Поршневые компрессоры
https://icatalog.expocentr.ru/ru/exhibitions/f33d0466-98f8-11ef-80ce-a0d3c1fab97f/exhibitors/380483?&stand=8E170;WENZHOU YIYU SEALING MATERIAL CO. LTD;http://www.chinayiyu.com/;8 657 756 579 818;master@chinayiyu.com;Манифольды противовыбросового оборудования (МПО) Колонные головки
https://icatalog.expocentr.ru/ru/exhibitions/f33d0466-98f8-11ef-80ce-a0d3c1fab97f/exhibitors/380466?&stand=8B178;WUHAN LINMEI HEAD PLATE CO. LTD;https://www.glmhead.com/;862 784 686 477;season@glmhead.com;Резервуары и емкости высокого давления Оборудование для учета и перевалки сжиженных газов
https://icatalog.expocentr.ru/ru/exhibitions/f33d0466-98f8-11ef-80ce-a0d3c1fab97f/exhibitors/380606?&stand=8D150;XINDELI VALVE CO. LTD;https://www.xindelivalve.com/;8 657 788 722 999;sale@xindelivalves.com;Оборудование и оснастка линейной части трубопроводов. Трубы, запорная арматура, компенсаторы Технологические насосы и арматура
https://icatalog.expocentr.ru/ru/exhibitions/f33d0466-98f8-11ef-80ce-a0d3c1fab97f/exhibitors/380432?&stand=8C178;XINTAI VALVE GROUP CO. LTD;http://www.xintaivalves.com/;8 613 736 340 876;hicyhu@xintaivalves.com;Насосы, клапаны и фильтры для очистки от примесей Шаровые краны под газ
https://icatalog.expocentr.ru/ru/exhibitions/f33d0466-98f8-11ef-80ce-a0d3c1fab97f/exhibitors/380321?&stand=8D180;XUZHOU LIYUAN CELLULOSE TECHNOLOGY CO. LTD;http://www.neos-ingredients.ru/;8 615 950 659 011;xzlyhg@163.com;Химреагенты и материалы для приготовления и регулирования свойств буровых растворов Материалы для цементирования скважин
https://icatalog.expocentr.ru/ru/exhibitions/f33d0466-98f8-11ef-80ce-a0d3c1fab97f/exhibitors/380621?&stand=8A090;ZHEJIANG DIANTAI VALVE CO. LTD;http://www.diantai-valves.com/;8 617 757 794 810;guoqian@diantaivalve.com;Запорно-регулирующая арматура Технологические насосы и арматура
https://icatalog.expocentr.ru/ru/exhibitions/f33d0466-98f8-11ef-80ce-a0d3c1fab97f/exhibitors/380860?&stand=8E170;ZHEJIANG ZHIJU PIPELINE INDUSTRY CO. LTD;https://www.zhijusteel.com/;8 657 786 928 748;wz@wzzhiju.com;Криогенные трубы, трубопроводы и вспомогательное оборудование
https://icatalog.expocentr.ru/ru/exhibitions/f33d0466-98f8-11ef-80ce-a0d3c1fab97f/exhibitors/380549?&stand=8B068;А9 СИСТЕМС, ООО;https://a9systems.ru/;7 (3952) 500-599;info@a9systems.ru;Запорно-регулирующая арматура Системы автоматики и телемеханики. Контрольно-измерительные приборы, регуляторы технологических процессов переработки нефти и газа
https://icatalog.expocentr.ru/ru/exhibitions/f33d0466-98f8-11ef-80ce-a0d3c1fab97f/exhibitors/380496?&stand=8E070;АБС ЗЭИМ АВТОМАТИЗАЦИЯ, АО;http://www.abs-zeim.ru/;7 (8352) 30-51-48;sales@zeim.ru;Нагнетательные манифольды, запорная и регулирующая арматура Распределительные устройства высокого напряжения
https://icatalog.expocentr.ru/ru/exhibitions/f33d0466-98f8-11ef-80ce-a0d3c1fab97f/exhibitors/380438?&stand=8D030;АВАЛОНЭЛЕКТРОТЕХ НПО, ООО;http://avalonelectrotech.ru/;7 (495) 933-8548;info@avalonelectrotech.ru;Автоматизация и телемеханизация в трубопроводном транспорте нефти Системы автоматики и телемеханики. Контрольно-измерительные приборы, регуляторы технологических процессов переработки нефти и газа
https://icatalog.expocentr.ru/ru/exhibitions/f33d0466-98f8-11ef-80ce-a0d3c1fab97f/exhibitors/380056?&stand=8D058;АВИАТРОН, НПП, ООО;http://www.aviatron-ufa.ru/;73 472 163 826;mail@aviatron-ufa.ru;Импортозамещение Управление работой промыслов. Промысловая связь, автоматизация и телемеханизация на промыслах Автоматизация и телемеханизация в трубопроводном транспорте нефти
https://icatalog.expocentr.ru/ru/exhibitions/f33d0466-98f8-11ef-80ce-a0d3c1fab97f/exhibitors/380188?&stand=8C001;АИС-НН, ООО;http://aisnn.com/;7 (831) 420-5220;info@aisnn.com;Пульты управления, приборы измерения уровня топлива Импортозамещение Системы автоматики и телемеханики. Контрольно-измерительные приборы, регуляторы технологических процессов переработки нефти и газа
https://icatalog.expocentr.ru/ru/exhibitions/f33d0466-98f8-11ef-80ce-a0d3c1fab97f/exhibitors/380152?&stand=8B160;АЙСО-ИНТЕГРО, ООО;https://iso-integro.ru/;7 (495) 369-0394;info@iso-integro.ru;Информационные технологии для инжиниринга Системы автоматики и телемеханики. Контрольно-измерительные приборы, регуляторы технологических процессов переработки нефти и газа
https://icatalog.expocentr.ru/ru/exhibitions/f33d0466-98f8-11ef-80ce-a0d3c1fab97f/exhibitors/380851?&stand=8H050;АЙСОРС, АО;https://isource.com/;7 (495) 161-7666;support@isource.ru;Программное обеспечение Системы автоматики и телемеханики. Контрольно-измерительные приборы, регуляторы технологических процессов переработки нефти и газа
https://icatalog.expocentr.ru/ru/exhibitions/f33d0466-98f8-11ef-80ce-a0d3c1fab97f/exhibitors/380098?&stand=8F050;АЛЬБАТРОС, АО;http://www.albatros.ru/;7 (499) 682-9991, 7 (499) 682-9996, 7 (495) 921-4173;market@albatros.ru;Оборудование для учета нефтепродуктов Импортозамещение Системы автоматики и телемеханики. Контрольно-измерительные приборы, регуляторы технологических процессов переработки нефти и газа
https://icatalog.expocentr.ru/ru/exhibitions/f33d0466-98f8-11ef-80ce-a0d3c1fab97f/exhibitors/380252?&stand=8B015;АЛЬМА Cервисез Компани, ООО;http://almaservices.ru/;7 (966) 050-4956;alma@almasc.ru;Информационные технологии, системы контроля и управления Программное обеспечение Информационные технологии для инжиниринга Импортозамещение Создание диспетчерских пунктов и операторных центров
https://icatalog.expocentr.ru/ru/exhibitions/f33d0466-98f8-11ef-80ce-a0d3c1fab97f/exhibitors/380859?&stand=8C110;АЛЬФАМЕТРИКС;http://www.alfametrics.ru/;7 (3472) 99-72-82;info@alfametrics.ru;Измерительные приборы, расходомеры, сенсоры, управляющие устройства Импортозамещение Системы автоматики и телемеханики. Контрольно-измерительные приборы, регуляторы технологических процессов переработки нефти и газа
https://icatalog.expocentr.ru/ru/exhibitions/f33d0466-98f8-11ef-80ce-a0d3c1fab97f/exhibitors/380103?&stand=8F160;АЛЬЯНС-ЭНЕРГИЯ, ООО;https://www.alliance777.com/;73 512 177 007;request@alliance777.com;Новые химические вещества и материалы, применяемые в нефтегазовой промышленности Сервис буровых растворов
https://icatalog.expocentr.ru/ru/exhibitions/f33d0466-98f8-11ef-80ce-a0d3c1fab97f/exhibitors/380609?&stand=8E068;АНАЛИТПРИБОР, ФГУП, СПО;http://www.analitpribor-smolensk.ru/;7 (4812) 31-11-68;market@analitpribor-smolensk.ru;Лабораторное оборудование и аналитические приборы, мебель. Передвижные лаборатории Системы автоматики и телемеханики. Контрольно-измерительные приборы, регуляторы технологических процессов переработки нефти и газа
https://icatalog.expocentr.ru/ru/exhibitions/f33d0466-98f8-11ef-80ce-a0d3c1fab97f/exhibitors/380135?&stand=8C105;АС КОНТРОЛЗ, ООО;https://accontrols.ru/;7 (8442) 99-00-66;controls@accontrols.ru;Системы автоматики и телемеханики. Контрольно-измерительные приборы, регуляторы технологических процессов переработки нефти и газа Капитальный ремонт. Техническое обслуживание и ремонт. Пусконаладочные работы
https://icatalog.expocentr.ru/ru/exhibitions/f33d0466-98f8-11ef-80ce-a0d3c1fab97f/exhibitors/380877?&stand=8A120;АСПЕКТ;https://digitalmetrolog.com/;;info@digitalmetrolog.ru;Программное обеспечение Импортозамещение Системы автоматики и телемеханики. Контрольно-измерительные приборы, регуляторы технологических процессов переработки нефти и газа
https://icatalog.expocentr.ru/ru/exhibitions/f33d0466-98f8-11ef-80ce-a0d3c1fab97f/exhibitors/380204?&stand=8E150;АТИСС, ООО;http://www.atiss.ru/;7 (495) 147-1100;atiss@gk-atiss.ru;Информационная безопасность Информационные технологии для инжиниринга
https://icatalog.expocentr.ru/ru/exhibitions/f33d0466-98f8-11ef-80ce-a0d3c1fab97f/exhibitors/380070?&stand=8F010;АТОМИК СОФТ;https://automiq.ru/;7 (3822) 281-914;info@automiq.ru;Программное обеспечение Информационные технологии для инжиниринга Импортозамещение
https://icatalog.expocentr.ru/ru/exhibitions/f33d0466-98f8-11ef-80ce-a0d3c1fab97f/exhibitors/380268?&stand=8D015;БАКС, НТФ, ООО;http://www.bacs.ru/;7 (846) 267-38-12 / 13 / 14 / 16;info@bacs.ru;Отдельные модули, узлы, системы Измерительные приборы, расходомеры, сенсоры, управляющие устройства Импортозамещение
https://icatalog.expocentr.ru/ru/exhibitions/f33d0466-98f8-11ef-80ce-a0d3c1fab97f/exhibitors/380266?&stand=8H150;БД СЕНСОРС РУС, ООО;http://www.bdsensors.ru/;7 (495) 380-1683;zakaz@bdsensors.ru;Импортозамещение Системы автоматики и телемеханики. Контрольно-измерительные приборы, регуляторы технологических процессов переработки нефти и газа
https://icatalog.expocentr.ru/ru/exhibitions/f33d0466-98f8-11ef-80ce-a0d3c1fab97f/exhibitors/380092?&stand=8A070;БД, ООО;http://www.bdrosma.ru/;7 (495) 645-9196;info@bdrosma.ru;Лабораторное оборудование и аналитические приборы, мебель. Передвижные лаборатории Технологии строительства нефтегазовых объектов на вечномерзлых грунтах
https://icatalog.expocentr.ru/ru/exhibitions/f33d0466-98f8-11ef-80ce-a0d3c1fab97f/exhibitors/380231?&stand=8C095;БЕСПИЛОТНЫЕ СИСТЕМЫ, ГРУППА КОМПАНИЙ;http://supercam.aero/;7 (3412) 515165;info@supercam.aero;Видеонаблюдение и системы безопасности Применение беспилотных авиационных систем при мониторинге магистральных трубопроводов Импортозамещение
https://icatalog.expocentr.ru/ru/exhibitions/f33d0466-98f8-11ef-80ce-a0d3c1fab97f/exhibitors/380953?&stand=8A060;БИЗНЕСИСТ, ТД;https://www.neftegaz-expo.ru/;;;
https://icatalog.expocentr.ru/ru/exhibitions/f33d0466-98f8-11ef-80ce-a0d3c1fab97f/exhibitors/380166?&stand=8H120;БК-ПРИВОДНАЯ АРМАТУРА, ООО;http://www.v-tork.ru/;7 (343) 222-0601;info@bc-privod.ru;Запорно-регулирующая арматура Технологические трубопроводы. Оборудование, арматура. Насосы технологических трубопроводов. Трубная продукция
https://icatalog.expocentr.ru/ru/exhibitions/f33d0466-98f8-11ef-80ce-a0d3c1fab97f/exhibitors/380129?&stand=8D110;БОЛИД, НВП, АО;http://bolid.ru/;7 (495) 775-7155;info@bolid.ru;Противопожарное оборудование. Пожарная сигнализация и контроль загазованности Видеонаблюдение и системы безопасности Импортозамещение
https://icatalog.expocentr.ru/ru/exhibitions/f33d0466-98f8-11ef-80ce-a0d3c1fab97f/exhibitors/380379?&stand=8D012;БХС РУС, ООО;http://www.bhsrus.ru/;7 (985) 232-5701;info@bhsrus.ru;Воздухо- и газоразделительное оборудование
https://icatalog.expocentr.ru/ru/exhibitions/f33d0466-98f8-11ef-80ce-a0d3c1fab97f/exhibitors/380140?&stand=8B070;ВЗЛЕТ;http://www.vzljot.ru/;8 800 333-8887;mail@vzljot.ru;Измерительные приборы, расходомеры, сенсоры, управляющие устройства Системы автоматики и телемеханики. Контрольно-измерительные приборы, регуляторы технологических процессов переработки нефти и газа
https://icatalog.expocentr.ru/ru/exhibitions/f33d0466-98f8-11ef-80ce-a0d3c1fab97f/exhibitors/380206?&stand=8E110;ВЗОР, ООО;http://www.vzornn.ru/;8 800 100-2322;market@vzor.nnov.ru;Лабораторное оборудование и аналитические приборы, мебель. Передвижные лаборатории Оборудование для водоочистки и водоподготовки Импортозамещение
https://icatalog.expocentr.ru/ru/exhibitions/f33d0466-98f8-11ef-80ce-a0d3c1fab97f/exhibitors/380038?&stand=8B001;ВИДЕО МЕДИА ГРУПП, ООО;http://www.vmgcompany.ru/;7 (495) 642-8775;sales@vmgrussia.com;Видеонаблюдение и системы безопасности Импортозамещение Создание диспетчерских пунктов и операторных центров
https://icatalog.expocentr.ru/ru/exhibitions/f33d0466-98f8-11ef-80ce-a0d3c1fab97f/exhibitors/380042?&stand=8E055;ВИРА РЕАЛТАЙМ, НПА, OOO;http://www.rlt.ru/;7 (495) 723-7559;rlt@rlt.ru;Импортозамещение Автоматизация и телемеханизация в трубопроводном транспорте нефти Системы автоматики и телемеханики. Контрольно-измерительные приборы, регуляторы технологических процессов переработки нефти и газа
https://icatalog.expocentr.ru/ru/exhibitions/f33d0466-98f8-11ef-80ce-a0d3c1fab97f/exhibitors/380526?&stand=8E070;ВНИИР, АО;https://abselectro.com/;7 (8352) 39-0000;vniir@vniir.ru;Проектирование и обустройство нефтегазовых промыслов
https://icatalog.expocentr.ru/ru/exhibitions/f33d0466-98f8-11ef-80ce-a0d3c1fab97f/exhibitors/380039?&stand=8E050;ВОЛГАСПЕЦАРМАТУРА;https://ex-proof.ru/;7 (843) 526-7310;info@ex-proof.ru;Запорно-регулирующая арматура Импортозамещение Создание диспетчерских пунктов и операторных центров
https://icatalog.expocentr.ru/ru/exhibitions/f33d0466-98f8-11ef-80ce-a0d3c1fab97f/exhibitors/380126?&stand=8D010;ГАУСС, ООО;https://gaussaero.ru/;7 (495) 112-0020;info@gaussaero.ru;Применение беспилотных авиационных систем при мониторинге магистральных трубопроводов Эксплуатация магистральных трубопроводов нефти и газа
https://icatalog.expocentr.ru/ru/exhibitions/f33d0466-98f8-11ef-80ce-a0d3c1fab97f/exhibitors/380209?&stand=8F165;ГЕФЕСТ, ООО;https://www.gefest.ru/;8 800 707-5139;info@spb-gefest.ru;Резервуары и емкости высокого давления Оборудование для подготовки воды, приготовления растворов различных химических реагентов и дозирования Импортозамещение Хранилища нефти и газа Резервуары, резервуарные парки, резервуарное оборудование
https://icatalog.expocentr.ru/ru/exhibitions/f33d0466-98f8-11ef-80ce-a0d3c1fab97f/exhibitors/380984?&stand=8C132;ГИДРОМАРКЕТ КОММЕРЧЕСКИЕ МАШИНЫ, ТПК, ООО;http://www.gidro.market/;7 (920) 076-5000;Zakaz@gidro.market;Очистное оборудование высокого давления Электродвигатели
https://icatalog.expocentr.ru/ru/exhibitions/f33d0466-98f8-11ef-80ce-a0d3c1fab97f/exhibitors/380380?&stand=8B064;ГОРИЗОНТ ПОКРЫТИЙ, ООО;http://www.hcoatings.ru/;7 (495) 107-0130;ru.info@hcoatings.ru;Антикоррозийная защита Технологии и материалы для ремонта оборудования и трубопроводов Оборудование и инструмент для проводки ствола скважин Центрирование обсадных колонн. Центраторы Гидравлические забойные двигатели Амортизаторы Геологоразведочное оборудование
https://icatalog.expocentr.ru/ru/exhibitions/f33d0466-98f8-11ef-80ce-a0d3c1fab97f/exhibitors/380193?&stand=8E058;ГРИНСИСТЕМС, ООО;http://grn-systems.ru/;7 (495) 128-44-63;info@grn-systems.ru;Измерительные приборы, расходомеры, сенсоры, управляющие устройства Системы автоматики и телемеханики. Контрольно-измерительные приборы, регуляторы технологических процессов переработки нефти и газа
https://icatalog.expocentr.ru/ru/exhibitions/f33d0466-98f8-11ef-80ce-a0d3c1fab97f/exhibitors/380792?&stand=8F115;ДИАЛКОН ТЕХНОЛОДЖИ, ООО;http://www.dialkontech.ru/;7 (495) 741-3972;kavtaradze@dialkontech.ru;Запорно-регулирующая арматура Оборудование для водоочистки и водоподготовки
https://icatalog.expocentr.ru/ru/exhibitions/f33d0466-98f8-11ef-80ce-a0d3c1fab97f/exhibitors/380391?&stand=8B054;ДИАТЕХ НПО, ООО;https://diatechnic.ru/;7 (495) 788-1625;info@diatechnic.ru;Программное обеспечение Неразрушающий контроль и техническая диагностика
https://icatalog.expocentr.ru/ru/exhibitions/f33d0466-98f8-11ef-80ce-a0d3c1fab97f/exhibitors/380226?&stand=8C151;ЕВРОТЕХЛАБ, ООО;http://www.evrotechlab.ru/; 7 (812) 309-0077;office@evrotechlab.ru;Лабораторное оборудование и аналитические приборы, мебель. Передвижные лаборатории Импортозамещение Системы автоматики и телемеханики. Контрольно-измерительные приборы, регуляторы технологических процессов переработки нефти и газа
https://icatalog.expocentr.ru/ru/exhibitions/f33d0466-98f8-11ef-80ce-a0d3c1fab97f/exhibitors/380269?&stand=8G150;ЕКСП ГРУПП, ООО;http://exp-group.tech/;7 (999) 060-5755;trade@exp-group.tech;Лабораторное оборудование и аналитические приборы, мебель. Передвижные лаборатории Импортозамещение Системы автоматики и телемеханики. Контрольно-измерительные приборы, регуляторы технологических процессов переработки нефти и газа
https://icatalog.expocentr.ru/ru/exhibitions/f33d0466-98f8-11ef-80ce-a0d3c1fab97f/exhibitors/380931?&stand=8G070;ЕТС, ГРУППА КОМПАНИЙ;http://www.utsrus.com/;7 (812) 389-5555;uts@utsrus.com;Новые химические вещества и материалы, применяемые в нефтегазовой промышленности Научные исследования для нефтегазовой отрасли
https://icatalog.expocentr.ru/ru/exhibitions/f33d0466-98f8-11ef-80ce-a0d3c1fab97f/exhibitors/380316?&stand=8E195;ЗАНГЕР, ООО;http://www.zngr.ru/;7 (495) 150-4220;info@zngr.ru;Лабораторное оборудование и аналитические приборы, мебель. Передвижные лаборатории Импортозамещение
https://icatalog.expocentr.ru/ru/exhibitions/f33d0466-98f8-11ef-80ce-a0d3c1fab97f/exhibitors/380255?&stand=8D130;ИМПЭКС ЭЛЕКТРО, ООО;http://www.impx.ru/;7 (499) 110-7300;info@impx.ru;Кабельная продукция
https://icatalog.expocentr.ru/ru/exhibitions/f33d0466-98f8-11ef-80ce-a0d3c1fab97f/exhibitors/380101?&stand=8E190;ИНЕЛ-ДИСПЛЕЙ, ООО;https://best-mould.ru/;7 (499) 350-2200;zakaz3@inel-display.ru;Корпуса Клеммные блоки для работы во взрывоопасной среде Импортозамещение
https://icatalog.expocentr.ru/ru/exhibitions/f33d0466-98f8-11ef-80ce-a0d3c1fab97f/exhibitors/380047?&stand=8B030;ИНКОМСИСТЕМ, НАУЧНО-ИНЖЕНЕРНЫЙ ЦЕНТР, АО;http://www.incomsystem.ru/;7 (843) 212-5010;mail@incomsystem.ru;Импортозамещение Автоматизация и телемеханизация в трубопроводном транспорте нефти Системы автоматики и телемеханики. Контрольно-измерительные приборы, регуляторы технологических процессов переработки нефти и газа
https://icatalog.expocentr.ru/ru/exhibitions/f33d0466-98f8-11ef-80ce-a0d3c1fab97f/exhibitors/380243?&stand=8G010;ИНКОНТРОЛ, ООО;https://inctrl.ru/;7 (495) 481-3310;office@inctrl.ru;Информационные технологии, системы контроля и управления Информационная безопасность Программное обеспечение Промышленные сети Ethernet Импортозамещение Управление работой промыслов. Промысловая связь, автоматизация и телемеханизация на промыслах Автоматизация и телемеханизация в трубопроводном транспорте нефти Создание диспетчерских пунктов и операторных центров Системы автоматики и телемеханики. Контрольно-измерительные приборы, регуляторы технологических процессов переработки нефти и газа
https://icatalog.expocentr.ru/ru/exhibitions/f33d0466-98f8-11ef-80ce-a0d3c1fab97f/exhibitors/380065?&stand=8C150;ИНСАТ, ООО;https://insat.ru/;7 (495) 989-2249;info@insat.ru;Информационные технологии, системы контроля и управления Базы данных Программное обеспечение Импортозамещение
https://icatalog.expocentr.ru/ru/exhibitions/f33d0466-98f8-11ef-80ce-a0d3c1fab97f/exhibitors/380608?&stand=8B060;ИНТЕЛИС, ООО;http://intel-is.ru/;7 (495) 775-6057;anna.khrushcheva@intel-is.ru;Аппаратура и контрольно-измерительные приборы. Экологический мониторинг Программное обеспечение Импортозамещение Системы автоматики и телемеханики. Контрольно-измерительные приборы, регуляторы технологических процессов переработки нефти и газа
https://icatalog.expocentr.ru/ru/exhibitions/f33d0466-98f8-11ef-80ce-a0d3c1fab97f/exhibitors/380137?&stand=8E192;ИТ КОСМОС, АО;https://it-kosmos.ru/;7 (495) 568-0020;Kirichek@it-kosmos.ru;Программное обеспечение Информационные технологии для инжиниринга
https://icatalog.expocentr.ru/ru/exhibitions/f33d0466-98f8-11ef-80ce-a0d3c1fab97f/exhibitors/380498?&stand=8B025;К-Систем, ООО;http://www.ksysel.ru/;7 (927) 347-77-91;bakirova.la@ksysel.ru;Программное обеспечение Импортозамещение Автоматизация и телемеханизация в трубопроводном транспорте нефти
https://icatalog.expocentr.ru/ru/exhibitions/f33d0466-98f8-11ef-80ce-a0d3c1fab97f/exhibitors/380620?&stand=8F033;КВАЛИТЕТ, ООО;https://qualitetsystem.ru/;7 (495) 252-0133;info@qualitetsystem.ru;Измерительные приборы, расходомеры, сенсоры, управляющие устройства Импортозамещение Технические средства для замера и учета продукции нефтедобывающих скважин Системы автоматики и телемеханики. Контрольно-измерительные приборы, регуляторы технологических процессов переработки нефти и газа
https://icatalog.expocentr.ru/ru/exhibitions/f33d0466-98f8-11ef-80ce-a0d3c1fab97f/exhibitors/380237?&stand=8E130;КЛЮЧЕВОЙ КОМПОНЕНТ;http://www.k2el.ru/;8 800 333-2829;info@k2el.ru;Видеонаблюдение и системы безопасности Оборудование для учета нефтепродуктов Оборудование для учета и перевалки сжиженных газов Импортозамещение Автоматизация и телемеханизация в трубопроводном транспорте нефти Методы и средства предотвращения коррозии труб и оборудования магистральных трубопроводов Системы автоматики и телемеханики. Контрольно-измерительные приборы, регуляторы технологических процессов переработки нефти и газа
https://icatalog.expocentr.ru/ru/exhibitions/f33d0466-98f8-11ef-80ce-a0d3c1fab97f/exhibitors/380057?&stand=8E080;КОМБИТ ПРО, ООО;http://www.kombit.ru/;7 (499) 922-4010;info@kombit.ru;Оборудование для учета нефтепродуктов Резервуары, резервуарные парки, резервуарное оборудование
https://icatalog.expocentr.ru/ru/exhibitions/f33d0466-98f8-11ef-80ce-a0d3c1fab97f/exhibitors/380019?&stand=8A050;КОМКОНТ ТЕКНОЛОДЖИС, ООО;https://www.comcont.tech/;7 (916) 800-4042;admin@comcont.tech;Информационные технологии, системы контроля и управления Импортозамещение Системы автоматики и телемеханики. Контрольно-измерительные приборы, регуляторы технологических процессов переработки нефти и газа
https://icatalog.expocentr.ru/ru/exhibitions/f33d0466-98f8-11ef-80ce-a0d3c1fab97f/exhibitors/380302?&stand=8B075;КОНСЭРГО, ООО;https://consergo.ru/;7 (8412) 495-000;info@consergo.ru;Видеонаблюдение и системы безопасности Создание диспетчерских пунктов и операторных центров
https://icatalog.expocentr.ru/ru/exhibitions/f33d0466-98f8-11ef-80ce-a0d3c1fab97f/exhibitors/380852?&stand=8C090;КОНТРАВТ, НПФ, ООО;https://www.contravt.ru/;7 (831) 260-1308;sales@contravt.nnov.ru;Аппаратура и контрольно-измерительные приборы. Экологический мониторинг Импортозамещение Системы автоматики и телемеханики. Контрольно-измерительные приборы, регуляторы технологических процессов переработки нефти и газа
https://icatalog.expocentr.ru/ru/exhibitions/f33d0466-98f8-11ef-80ce-a0d3c1fab97f/exhibitors/380053?&stand=8B075;КРУГ НПФ, ООО;http://www.krug2000.ru/;7 (8412) 94-89-88;krug@krug2000.ru;Оборудование для учета нефтепродуктов Программное обеспечение Системы автоматики и телемеханики. Контрольно-измерительные приборы, регуляторы технологических процессов переработки нефти и газа
https://icatalog.expocentr.ru/ru/exhibitions/f33d0466-98f8-11ef-80ce-a0d3c1fab97f/exhibitors/380446?&stand=8B050;КСТ ЭНЕРГО ИНЖИНИРИНГ;https://kst-energo.ru/;7 (499) 673-0388;info@kst-energo.ru;Электрическое оборудование. Промышленное освещение Импортозамещение Нефтехимическое оборудование
https://icatalog.expocentr.ru/ru/exhibitions/f33d0466-98f8-11ef-80ce-a0d3c1fab97f/exhibitors/380202?&stand=8A135;ЛИКНЕТ СИСТЕМ, ООО;http://leaknet.ru/;7 (499) 397-7439;info@leaknet.ru;Импортозамещение Аппаратура для контроля за состоянием трубопроводов Автоматизация и телемеханизация в трубопроводном транспорте нефти
https://icatalog.expocentr.ru/ru/exhibitions/f33d0466-98f8-11ef-80ce-a0d3c1fab97f/exhibitors/380896?&stand=8F100;ЛПСервис, ООО;http://trustentec.ru/;7 (495) 797-5611;post@trustentec.ru;Защитное оборудование, устройства для сброса давления, устройства контроля утечки, системы электроподогрева, одоранты Технологии обогрева процессов и системы использования возобновляемой энергии. Теплообменники. ORC-процессы и технологии Импортозамещение
https://icatalog.expocentr.ru/ru/exhibitions/f33d0466-98f8-11ef-80ce-a0d3c1fab97f/exhibitors/380051?&stand=8E030;МВИФ, ООО;http://www.mvif.ru/;7 (495) 988-6444;mail@mvif.ru;Криогенная техника для СПГ, водорода и других криогенных газов Импортозамещение Нефтехимическое оборудование
https://icatalog.expocentr.ru/ru/exhibitions/f33d0466-98f8-11ef-80ce-a0d3c1fab97f/exhibitors/380069?&stand=8G050;МЕТРАН, ГРУППА КОМПАНИЙ;http://www.metran.ru/;7 (351) 799-51-51;support@metran.ru;Лабораторное оборудование и аналитические приборы, мебель. Передвижные лаборатории Неразрушающий контроль и техническая диагностика
https://icatalog.expocentr.ru/ru/exhibitions/f33d0466-98f8-11ef-80ce-a0d3c1fab97f/exhibitors/380533?&stand=8E090;МЕТРОЛОГИЯ И АВТОМАТИЗАЦИЯ;http://www.ma-samara.com/;7 (846) 247-89-19;ma@ma-samara.ru;Импортозамещение Технические средства для замера и учета продукции нефтедобывающих скважин
https://icatalog.expocentr.ru/ru/exhibitions/f33d0466-98f8-11ef-80ce-a0d3c1fab97f/exhibitors/380378?&stand=8C020;МЕТРОЛОГИЯ-КОМПЛЕКТ, ООО;http://www.metr-k.ru/;7 (495) 727-2725;info@metr-k.ru;Сервисные компании и услуги Лабораторное оборудование и аналитические приборы, мебель. Передвижные лаборатории
https://icatalog.expocentr.ru/ru/exhibitions/f33d0466-98f8-11ef-80ce-a0d3c1fab97f/exhibitors/380230?&stand=8A135;МИГНА, ООО;https://migna.org/;7 (495) 125-3303;info@migna.org;Речной нефтеналивной транспорт Автоспецтехника для транспортировки нефти, нефтепродуктов и сжиженного газа
https://icatalog.expocentr.ru/ru/exhibitions/f33d0466-98f8-11ef-80ce-a0d3c1fab97f/exhibitors/380208?&stand=8C005;МИКРОТЕНЗОР, ООО;http://www.microtensor.ru/;74 862 303 450;ooo@microtensor.ru;Лабораторное оборудование и аналитические приборы, мебель. Передвижные лаборатории
https://icatalog.expocentr.ru/ru/exhibitions/f33d0466-98f8-11ef-80ce-a0d3c1fab97f/exhibitors/380546?&stand=8B190;МИР НЕФТЕПРОДУКТОВ;http://www.neftemir.ru/;7 (812) 313-5414;info@neftemir.ru;СМИ
https://icatalog.expocentr.ru/ru/exhibitions/f33d0466-98f8-11ef-80ce-a0d3c1fab97f/exhibitors/380093?&stand=8C070;МИРАКС, ООО;https://mirax-safety.com/ru/;7 (342) 259-88-55;info@mirax-safety.com;Прочее Измерительные приборы, расходомеры, сенсоры, управляющие устройства
https://icatalog.expocentr.ru/ru/exhibitions/f33d0466-98f8-11ef-80ce-a0d3c1fab97f/exhibitors/380960?&stand=8D090;МОСЭЛЕКТРОЩИТ;https://www.neftegaz-expo.ru/;;;
https://icatalog.expocentr.ru/ru/exhibitions/f33d0466-98f8-11ef-80ce-a0d3c1fab97f/exhibitors/380550?&stand=8D080;МЦЭ-ИНЖИНИРИНГ, ООО;http://mcee.ru/;7 (495) 662-9242;info@mcee.ru;Лабораторное оборудование и аналитические приборы, мебель. Передвижные лаборатории Программное обеспечение Импортозамещение
https://icatalog.expocentr.ru/ru/exhibitions/f33d0466-98f8-11ef-80ce-a0d3c1fab97f/exhibitors/380935?&stand=8B190;НАУЧНО-ПРОМЫШЛЕННАЯ АССОЦИАЦИЯ АРМАТУРОСТРОИТЕЛЕЙ (НПАА);http://www.npa-arm.org/;7 (812) 318-1920;npaa@npa-arm.org;Стандартизация в общепромышленной безопасности СМИ
https://icatalog.expocentr.ru/ru/exhibitions/f33d0466-98f8-11ef-80ce-a0d3c1fab97f/exhibitors/380013?&stand=8B130;НГП ИНФОРМ, ООО;http://www.ngpinform.ru/;8 800 222-2991;info@ngpinform.ru;Информационные технологии, системы контроля и управления Импортозамещение Управление работой промыслов. Промысловая связь, автоматизация и телемеханизация на промыслах
https://icatalog.expocentr.ru/ru/exhibitions/f33d0466-98f8-11ef-80ce-a0d3c1fab97f/exhibitors/380096?&stand=8D050;НЕКСТ ИНЖИНИРИНГ, ООО;http://nexteng.ru/;7 (843) 216-3044;mail@nexteng.ru;Информационные технологии для инжиниринга Импортозамещение Системы автоматики и телемеханики. Контрольно-измерительные приборы, регуляторы технологических процессов переработки нефти и газа
https://icatalog.expocentr.ru/ru/exhibitions/f33d0466-98f8-11ef-80ce-a0d3c1fab97f/exhibitors/380185?&stand=8E120;НЕФТЕАВТОМАТИКА, АО;http://www.nefteavtomatika.ru/;73 472 798 899;nefteavtomatika@nefteavtomatika.ru;Программное обеспечение Информационные технологии для инжиниринга Импортозамещение Автоматизация и телемеханизация в трубопроводном транспорте нефти Системы автоматики и телемеханики. Контрольно-измерительные приборы, регуляторы технологических процессов переработки нефти и газа
https://icatalog.expocentr.ru/ru/exhibitions/f33d0466-98f8-11ef-80ce-a0d3c1fab97f/exhibitors/380874?&stand=8B190;НЕФТЕГАЗ ЭКСПО, ЖУРНАЛ;https://prompages.ru/;7 (812) 326-1863;exp@prompages.ru;СМИ
https://icatalog.expocentr.ru/ru/exhibitions/f33d0466-98f8-11ef-80ce-a0d3c1fab97f/exhibitors/380943?&stand=8B190;НЕФТЕГАЗОВАЯ ПРОМЫШЛЕННОСТЬ, ЖУРНАЛ;http://www.nprom.online/;7 (3912) 19-01-19;reklama@pgmedia.ru;СМИ
https://icatalog.expocentr.ru/ru/exhibitions/f33d0466-98f8-11ef-80ce-a0d3c1fab97f/exhibitors/380868?&stand=8B190;НЕФТЬ. ГАЗ. НОВАЦИИ, ЖУРНАЛ;http://www.neft-gaz-novacii.ru/;7 (846) 979-91-88;journal@neft-gaz-novacii.ru;СМИ
https://icatalog.expocentr.ru/ru/exhibitions/f33d0466-98f8-11ef-80ce-a0d3c1fab97f/exhibitors/380072?&stand=8B020;НЕФТЬГАЗИССЛЕДОВАНИЕ, ООО;https://www.pnsh.ru/;7 (342) 206-01-59;nsdigital@pnsh.ru;Информационные технологии для инжиниринга Импортозамещение Управление работой промыслов. Промысловая связь, автоматизация и телемеханизация на промыслах
https://icatalog.expocentr.ru/ru/exhibitions/f33d0466-98f8-11ef-80ce-a0d3c1fab97f/exhibitors/380427?&stand=8C046;НИЕНШАНЦ-АВТОМАТИКА;http://www.nnz-ipc.ru/;7 (812) 326-5924;ipc@nnz.ru;Импортозамещение Автоматизация и телемеханизация в трубопроводном транспорте нефти Системы автоматики и телемеханики. Контрольно-измерительные приборы, регуляторы технологических процессов переработки нефти и газа
https://icatalog.expocentr.ru/ru/exhibitions/f33d0466-98f8-11ef-80ce-a0d3c1fab97f/exhibitors/380184?&stand=8E084;НОРКЕМ, ООО;http://www.norchem.ru/;7 (831) 282-33-72;mail@norchem.ru;Сырье, реагенты, материалы Импортозамещение Заводнение продуктивных пластов
https://icatalog.expocentr.ru/ru/exhibitions/f33d0466-98f8-11ef-80ce-a0d3c1fab97f/exhibitors/380293?&stand=8D065;НТА-ПРОМ, ООО;http://www.nta-prom.ru/;7 (495) 363-6300;info@nta-prom.ru;Аппаратура и контрольно-измерительные приборы. Экологический мониторинг Системы автоматики и телемеханики. Контрольно-измерительные приборы, регуляторы технологических процессов переработки нефти и газа
https://icatalog.expocentr.ru/ru/exhibitions/f33d0466-98f8-11ef-80ce-a0d3c1fab97f/exhibitors/380452?&stand=8H020;НТЦ ЭЛИНС, АО;http://www.elins.ru/;7 (495) 651-0886;info@elins.ru;Видеонаблюдение и системы безопасности Программное обеспечение
https://icatalog.expocentr.ru/ru/exhibitions/f33d0466-98f8-11ef-80ce-a0d3c1fab97f/exhibitors/380100?&stand=8B040;НТЭС, НПО, ООО;http://nponts.ru/;7 (85594) 6-37-27;nponts@nponts.ru;Насосно-компрессорные трубы, устьевое и забойное оборудование добывающих скважин, фильтры Технические средства для замера и учета продукции нефтедобывающих скважин
https://icatalog.expocentr.ru/ru/exhibitions/f33d0466-98f8-11ef-80ce-a0d3c1fab97f/exhibitors/380788?&stand=8A110;ОВЛ-ЭНЕРГО, АО;http://ovl-energo.com/;7 (495) 134-9200;ovl@ovl-energo.com;Измерительные приборы, расходомеры, сенсоры, управляющие устройства Аппаратура и контрольно-измерительные приборы. Экологический мониторинг Запорно-регулирующая арматура Технологии и материалы для ремонта оборудования и трубопроводов Неразрушающий контроль и техническая диагностика Монтаж-демонтаж буровых установок Инструменты для свинчивания и развинчивания бурильных труб Оборудование для фонтанной эксплуатации скважин Устьевая арматура для нагнетательных скважин Инструмент к оборудованию для добычи нефти и газа Инструмент прочий Нагнетательные манифольды, запорная и регулирующая арматура Манифольды противовыбросового оборудования (МПО) Проектирование и обустройство нефтегазовых промыслов Скважинное и устьевое оборудование для эксплуатации газовых и газоконденсатных скважин Оборудование и технологии эксплуатации морских добывающих скважин Насосно-компрессорные трубы, устьевое и забойное оборудование добывающих скважин, фильтры Оборудование и технологии ремонта и ликвидации аварий на нефтегазохранилищах Оборудование и технологии ремонта и ликвидации аварий на трубопроводах Автоматизация и телемеханизация в трубопроводном транспорте нефти Пневматический инструмент Нефтехимическое оборудование Системы автоматики и телемеханики. Контрольно-измерительные приборы, регуляторы технологических процессов переработки нефти и газа Капитальный ремонт. Техническое обслуживание и ремонт. Пусконаладочные работы
https://icatalog.expocentr.ru/ru/exhibitions/f33d0466-98f8-11ef-80ce-a0d3c1fab97f/exhibitors/380216?&stand=8C028;ПАСКАЛЬ СОЛЮШНС, ООО;https://pa-solutions.ru/;7 (495) 792-0007;info@pa-solutions.ru;Нагнетательные манифольды, запорная и регулирующая арматура Воздухо- и газоразделительное оборудование
https://icatalog.expocentr.ru/ru/exhibitions/f33d0466-98f8-11ef-80ce-a0d3c1fab97f/exhibitors/380052?&stand=8B150;ПЕТРО ТЕХНОЛОДЖИ, ООО;http://www.petrotechnology.ru/;7 (812) 602-9798;office@petrotechnology.ru;Лабораторное оборудование и аналитические приборы, мебель. Передвижные лаборатории Сервис буровых растворов
https://icatalog.expocentr.ru/ru/exhibitions/f33d0466-98f8-11ef-80ce-a0d3c1fab97f/exhibitors/380033?&stand=8B088;ПИЭЛСИ ТЕХНОЛОДЖИ, ООО;http://www.tpz.ru/;7 (495) 139-0406;sales@tpz.ru;Электрическое оборудование. Промышленное освещение Импортозамещение Создание диспетчерских пунктов и операторных центров
https://icatalog.expocentr.ru/ru/exhibitions/f33d0466-98f8-11ef-80ce-a0d3c1fab97f/exhibitors/380523?&stand=8E140;ПОЖГАЗПРИБОР;https://pozhgazpribor.ru/;8 800 700-9699;office@pozhgazpribor.ru;Охрана труда и техника безопасности технологических процессов в нефтегазодобывающем и нефтегазоперерабатывающем комплексе Противопожарное оборудование. Пожарная сигнализация и контроль загазованности
https://icatalog.expocentr.ru/ru/exhibitions/f33d0466-98f8-11ef-80ce-a0d3c1fab97f/exhibitors/380082?&stand=8F055;ПОИНТ;https://pointltd.by/;7 (495) 799-9438;marketing@termopoint.ru;Нефтехимическое оборудование Системы автоматики и телемеханики. Контрольно-измерительные приборы, регуляторы технологических процессов переработки нефти и газа
https://icatalog.expocentr.ru/ru/exhibitions/f33d0466-98f8-11ef-80ce-a0d3c1fab97f/exhibitors/380700?&stand=8F150;ПРАКСЭА РУС, ООО;http://www.linru.ru/;7 (961) 670-9179;eleonora.karpenko@linru.ru;Вытеснение нефти газовой средой, паром, внутрипластовым горением и смешанное Продувка скважины
https://icatalog.expocentr.ru/ru/exhibitions/f33d0466-98f8-11ef-80ce-a0d3c1fab97f/exhibitors/380045?&stand=8C080;ПРИВОДЫ ХАЙТВЭЛ, ООО;https://www.hitewell.net/;7 (423) 279-5081;hitewell@hitewell.net;Оборудование для нефтебаз, газовых терминалов Технологические насосы и арматура
https://icatalog.expocentr.ru/ru/exhibitions/f33d0466-98f8-11ef-80ce-a0d3c1fab97f/exhibitors/380393?&stand=8B056;ПРИВОДЫ ЭМИКО, ООО;http://www.emico.su/;78 352 655 685;sales@emico.su;Оборудование для нефтебаз, газовых терминалов Газомоторное топливо. Оборудование для АГЗС и АГНКС
https://icatalog.expocentr.ru/ru/exhibitions/f33d0466-98f8-11ef-80ce-a0d3c1fab97f/exhibitors/380048?&stand=8B018;ПРОМСЕНСОР, ООО;http://www.promsensor.org/;7 (846) 250-2510;info@promsensor.org;Измерительные приборы, расходомеры, сенсоры, управляющие устройства Системы автоматики и телемеханики. Контрольно-измерительные приборы, регуляторы технологических процессов переработки нефти и газа
https://icatalog.expocentr.ru/ru/exhibitions/f33d0466-98f8-11ef-80ce-a0d3c1fab97f/exhibitors/380930?&stand=8B190;ПРОМЫШЛЕННЫЙ ЕЖЕНЕДЕЛЬНИК, МЕЖОТРАСЛЕВАЯ ГАЗЕТА;http://www.promweekly.ru/;7 (495) 505-7692;Promweekly@mail.ru;СМИ
https://icatalog.expocentr.ru/ru/exhibitions/f33d0466-98f8-11ef-80ce-a0d3c1fab97f/exhibitors/380688?&stand=8E020;ПРОСОФТ-СИСТЕМЫ, Группа компаний;http://www.prosoftsystems.ru/;7 (343) 356-5111;info@prosoftsystems.ru;Программное обеспечение Импортозамещение Системы автоматики и телемеханики. Контрольно-измерительные приборы, регуляторы технологических процессов переработки нефти и газа
https://icatalog.expocentr.ru/ru/exhibitions/f33d0466-98f8-11ef-80ce-a0d3c1fab97f/exhibitors/380224?&stand=8A066;ПЬЕЗУС, ООО;http://www.piezus.ru/;7 (495) 796-9220;zakaz@piezus.ru;Измерительные приборы, расходомеры, сенсоры, управляющие устройства Импортозамещение Системы автоматики и телемеханики. Контрольно-измерительные приборы, регуляторы технологических процессов переработки нефти и газа
https://icatalog.expocentr.ru/ru/exhibitions/f33d0466-98f8-11ef-80ce-a0d3c1fab97f/exhibitors/380227?&stand=8D140;ПЭНАМ ИНЖИНИРЗ, ООО;http://www.panamengineers.ru/;7 (495) 979-9897;sales@panamengineers.ru;Криогенная техника для СПГ, водорода и других криогенных газов Технологические трубопроводы. Оборудование, арматура. Насосы технологических трубопроводов. Трубная продукция
https://icatalog.expocentr.ru/ru/exhibitions/f33d0466-98f8-11ef-80ce-a0d3c1fab97f/exhibitors/380899?&stand=8E010;РЕГЛАБ, ООО;http://www.reglab.ru/;7 (343) 270-23-35;info@reglab.ru;Программное обеспечение Неразрушающий контроль и техническая диагностика Импортозамещение Системы автоматики и телемеханики. Контрольно-измерительные приборы, регуляторы технологических процессов переработки нефти и газа
https://icatalog.expocentr.ru/ru/exhibitions/f33d0466-98f8-11ef-80ce-a0d3c1fab97f/exhibitors/380952?&stand=8E025;РЕГСЕНСОР;http://www.regsensor.com/;7 (343) 270-23-35, доб. 6804;info@regsensor.com;Импортозамещение Системы автоматики и телемеханики. Контрольно-измерительные приборы, регуляторы технологических процессов переработки нефти и газа
https://icatalog.expocentr.ru/ru/exhibitions/f33d0466-98f8-11ef-80ce-a0d3c1fab97f/exhibitors/380265?&stand=8E070;РЕЛЕМАТИКА, ООО;http://www.relematika.ru/;7 (8352) 24-06-50;info@relematika.ru;Электрическое оборудование. Промышленное освещение Электрооборудование для добычи Импортозамещение
https://icatalog.expocentr.ru/ru/exhibitions/f33d0466-98f8-11ef-80ce-a0d3c1fab97f/exhibitors/380241?&stand=8F060;РИЗУР НПО, ООО;http://rizur.ru/;7 (4912) 20-20-80;marketing@rizur.ru;Импортозамещение Системы автоматики и телемеханики. Контрольно-измерительные приборы, регуляторы технологических процессов переработки нефти и газа
https://icatalog.expocentr.ru/ru/exhibitions/f33d0466-98f8-11ef-80ce-a0d3c1fab97f/exhibitors/380203?&stand=8C010;РМ ИНЖИНИРИНГ, ООО;https://www.rmeng.ru/;7 (861) 217-3311;info@rmeng.ru;Программное обеспечение Импортозамещение Создание диспетчерских пунктов и операторных центров Системы автоматики и телемеханики. Контрольно-измерительные приборы, регуляторы технологических процессов переработки нефти и газа
https://icatalog.expocentr.ru/ru/exhibitions/f33d0466-98f8-11ef-80ce-a0d3c1fab97f/exhibitors/380748?&stand=8C100;РОСМА, ЗАО;http://www.rosma.spb.ru/;7 (812) 325-2508;info@rosma.spb.ru;Лабораторное оборудование и аналитические приборы, мебель. Передвижные лаборатории Запорно-регулирующая арматура
https://icatalog.expocentr.ru/ru/exhibitions/f33d0466-98f8-11ef-80ce-a0d3c1fab97f/exhibitors/380961?&stand=8D090;РТК-ЭЛЕКТРО-М;http://www.rtc-electro-m.com/;;;
https://icatalog.expocentr.ru/ru/exhibitions/f33d0466-98f8-11ef-80ce-a0d3c1fab97f/exhibitors/380261?&stand=8A030;РТСИМ, ООО;https://rtsim.ru/;7 (903) 314-4238;info@rtsim.ru;Программное обеспечение Информационные технологии для инжиниринга Кадровое обеспечение компаний нефтегазовой отрасли Импортозамещение
https://icatalog.expocentr.ru/ru/exhibitions/f33d0466-98f8-11ef-80ce-a0d3c1fab97f/exhibitors/380148?&stand=8C120;РУБЕЖ, ООО;https://products.rubezh.ru/;7 (8452) 222-888;info@rubezh.ru;Противопожарное оборудование. Пожарная сигнализация и контроль загазованности Видеонаблюдение и системы безопасности Импортозамещение
https://icatalog.expocentr.ru/ru/exhibitions/f33d0466-98f8-11ef-80ce-a0d3c1fab97f/exhibitors/380382?&stand=8C130;РУНА, ПК, ООО;http://www.run-a.ru/;7 (495) 127-0124;info@run-a.ru;Измерительные приборы, расходомеры, сенсоры, управляющие устройства Импортозамещение Системы автоматики и телемеханики. Контрольно-измерительные приборы, регуляторы технологических процессов переработки нефти и газа
https://icatalog.expocentr.ru/ru/exhibitions/f33d0466-98f8-11ef-80ce-a0d3c1fab97f/exhibitors/380131?&stand=8B052;СВД ВС, ООО;http://www.kpda.ru/;7 (812) 317-5556;office@kpda.ru;Программное обеспечение Импортозамещение
https://icatalog.expocentr.ru/ru/exhibitions/f33d0466-98f8-11ef-80ce-a0d3c1fab97f/exhibitors/380079?&stand=8E100;СЕНСОР Научно-производственное предприятие, ООО;http://nppsensor.ru/;7 (8412) 65-21-21;info@nppsensor.ru;Измерительные приборы, расходомеры, сенсоры, управляющие устройства Оборудование для нефтебаз, газовых терминалов Оборудование для АГЗС Оборудование для АГНКС Оборудование для АЗС Импортозамещение Системы автоматики и телемеханики. Контрольно-измерительные приборы, регуляторы технологических процессов переработки нефти и газа
https://icatalog.expocentr.ru/ru/exhibitions/f33d0466-98f8-11ef-80ce-a0d3c1fab97f/exhibitors/380412?&stand=8C032;СИББУРМАШ ППН, ООО;http://www.sibburmash.ru/;73 452 568 584;secretary_ppn@ppnsibburmash.ru;Разобщение пластов и герметизация буровых скважин Системы автоматики и телемеханики. Контрольно-измерительные приборы, регуляторы технологических процессов переработки нефти и газа
https://icatalog.expocentr.ru/ru/exhibitions/f33d0466-98f8-11ef-80ce-a0d3c1fab97f/exhibitors/380075?&stand=8C050;СИБКОМ ИТ, ООО;https://bitrb.ru/;7 (3472) 22-84-22;info@bitrb.ru;Программное обеспечение Импортозамещение Управление работой промыслов. Промысловая связь, автоматизация и телемеханизация на промыслах
https://icatalog.expocentr.ru/ru/exhibitions/f33d0466-98f8-11ef-80ce-a0d3c1fab97f/exhibitors/380219?&stand=8D060;СИСТЕМЫ НЕФТЬ И ГАЗ, ООО;https://www.og.systems/;7 (495) 995-0153;web_ogs@og.systems;Импортозамещение Технические средства для замера и учета продукции нефтедобывающих скважин Автоматизация и телемеханизация в трубопроводном транспорте нефти
https://icatalog.expocentr.ru/ru/exhibitions/f33d0466-98f8-11ef-80ce-a0d3c1fab97f/exhibitors/380279?&stand=8C060;СМД, КОМПАНИЯ, ООО;http://www.smd-tlt.ru/;7 (8482) 94-91-12;sale@smd-tlt.ru;Электрическое оборудование. Промышленное освещение Противопожарное оборудование. Пожарная сигнализация и контроль загазованности
https://icatalog.expocentr.ru/ru/exhibitions/f33d0466-98f8-11ef-80ce-a0d3c1fab97f/exhibitors/380178?&stand=8D160;СМС-АВТОМАТИЗАЦИЯ;http://sms-a.ru/;7 (846) 233-9966;info@sms-a.ru;Программное обеспечение Информационные технологии для инжиниринга Импортозамещение
https://icatalog.expocentr.ru/ru/exhibitions/f33d0466-98f8-11ef-80ce-a0d3c1fab97f/exhibitors/380172?&stand=8F070;СОКТРЕЙД, ООО;http://www.soctrade.ru/;7 (812) 777-7822;info@soctrade.ru;Корпуса Импортозамещение Системы автоматики и телемеханики. Контрольно-измерительные приборы, регуляторы технологических процессов переработки нефти и газа
https://icatalog.expocentr.ru/ru/exhibitions/f33d0466-98f8-11ef-80ce-a0d3c1fab97f/exhibitors/380154?&stand=8D110;СПЕКТРОН, ООО;http://spectron-ops.ru/;73 433 790 795;info@spectron-ops.ru;Противопожарное оборудование. Пожарная сигнализация и контроль загазованности Видеонаблюдение и системы безопасности Импортозамещение
https://icatalog.expocentr.ru/ru/exhibitions/f33d0466-98f8-11ef-80ce-a0d3c1fab97f/exhibitors/380225?&stand=8C058;СПЕЦКАБЕЛЬ, НПП, ООО;https://spetskabel.ru/;7 (495) 134-21-34;info@spetskabel.ru;Кабельная продукция
https://icatalog.expocentr.ru/ru/exhibitions/f33d0466-98f8-11ef-80ce-a0d3c1fab97f/exhibitors/380335?&stand=8F080;СПЕЦХИММАШ, ООО;https://shm.su/;7 (8412) 99-99-16;marketing@shm.su;Оборудование для нефтебаз, газовых терминалов Импортозамещение Нефтехимическое оборудование
https://icatalog.expocentr.ru/ru/exhibitions/f33d0466-98f8-11ef-80ce-a0d3c1fab97f/exhibitors/380682?&stand=8C135;СТАЛЬТЕХ ПФ, ООО;http://staltex58.ru/;7 (967) 701-5717;yelena.birina@list.ru;Резервуарное оборудование Оборудование для АГЗС
https://icatalog.expocentr.ru/ru/exhibitions/f33d0466-98f8-11ef-80ce-a0d3c1fab97f/exhibitors/380024?&stand=8H090;СТК, ООО;https://stc-tomsk.ru/;7 (3822) 609-708;info@stc-tomsk.ru;Информационные технологии для инжиниринга Телекоммуникации и связь
https://icatalog.expocentr.ru/ru/exhibitions/f33d0466-98f8-11ef-80ce-a0d3c1fab97f/exhibitors/380460?&stand=8A010;СФЕРА НЕФТЬ И ГАЗ, ЖУРНАЛ;http://xn--80aaigboe2bzaiqsf7i.xn--p1ai/;8 800 555-6365;info@s-ng.ru;СМИ
https://icatalog.expocentr.ru/ru/exhibitions/f33d0466-98f8-11ef-80ce-a0d3c1fab97f/exhibitors/380078?&stand=8G130;СХТ-ТРЕЙД, ООО;http://www.sovhimtech.ru/;78 435 282 852;info@sovhimtech.ru;Сервис буровых растворов Цементирование обсадных колонн и скважин
https://icatalog.expocentr.ru/ru/exhibitions/f33d0466-98f8-11ef-80ce-a0d3c1fab97f/exhibitors/380577?&stand=8C033;Т1;http://www.t1.ru/;7 (495) 727-0985;info@t1.ru;Программное обеспечение Системы автоматики и телемеханики. Контрольно-измерительные приборы, регуляторы технологических процессов переработки нефти и газа
https://icatalog.expocentr.ru/ru/exhibitions/f33d0466-98f8-11ef-80ce-a0d3c1fab97f/exhibitors/380220?&stand=8F090;ТАМБОВХИММАШ ПП, ООО;https://himmashtmb.ru/;7 (4752) 56-34-84;thm68@mail.ru;Резервуары и емкости высокого давления Теплообменники, испарители, системы повторного охлаждения, сепараторы, фильтры
https://icatalog.expocentr.ru/ru/exhibitions/f33d0466-98f8-11ef-80ce-a0d3c1fab97f/exhibitors/380215?&stand=8F030;ТЕСЕЙ ПК, ООО;https://tesey.com/;7 (484) 399-37-41 /42/43/44;zakaz@tesey.com;Системы автоматики и телемеханики. Контрольно-измерительные приборы, регуляторы технологических процессов переработки нефти и газа
https://icatalog.expocentr.ru/ru/exhibitions/f33d0466-98f8-11ef-80ce-a0d3c1fab97f/exhibitors/380570?&stand=8F032;ТЕХНЕКОН, ТД, ООО;http://www.tehnekon.ru/;7 (499) 744-6016;sales@tehnekon.ru;Лабораторное оборудование и аналитические приборы, мебель. Передвижные лаборатории Неразрушающий контроль и техническая диагностика Импортозамещение
https://icatalog.expocentr.ru/ru/exhibitions/f33d0466-98f8-11ef-80ce-a0d3c1fab97f/exhibitors/380258?&stand=8B075;ТЕХНОКОНСОЛЬ, OOO;http://www.technoconsole.ru/;7 (8412) 222150;sales@technoconsole.ru;Импортозамещение Создание диспетчерских пунктов и операторных центров
https://icatalog.expocentr.ru/ru/exhibitions/f33d0466-98f8-11ef-80ce-a0d3c1fab97f/exhibitors/380531?&stand=8B190;ТЕХНОСФЕРА, РИЦ, АО;http://www.technosphera.ru/;7 (495) 234-0110;sales@technosphera.ru;СМИ
https://icatalog.expocentr.ru/ru/exhibitions/f33d0466-98f8-11ef-80ce-a0d3c1fab97f/exhibitors/380169?&stand=8C030;ТИК;https://tik.ru/;7 (342) 214-7575;info@tik.ru;Неразрушающий контроль и техническая диагностика Импортозамещение Системы автоматики и телемеханики. Контрольно-измерительные приборы, регуляторы технологических процессов переработки нефти и газа
https://icatalog.expocentr.ru/ru/exhibitions/f33d0466-98f8-11ef-80ce-a0d3c1fab97f/exhibitors/380741?&stand=8A080;ТОРИ НПФ, ООО;http://tory.ru/;7 (383) 330-50-06;tory@tory.ru;Аппаратура и контрольно-измерительные приборы. Экологический мониторинг Неразрушающий контроль и техническая диагностика Импортозамещение Аппаратура для контроля за состоянием трубопроводов Автоматизация и телемеханизация в трубопроводном транспорте нефти
https://icatalog.expocentr.ru/ru/exhibitions/f33d0466-98f8-11ef-80ce-a0d3c1fab97f/exhibitors/380218?&stand=8C160;ТОСОЛ-СИНТЕЗ-ИНВЕСТ;http://www.pav-ts.ru/;7 (8313) 255-332;t-s@t-s.ru;Новые химические вещества и материалы, применяемые в нефтегазовой промышленности Сырье, реагенты, материалы
https://icatalog.expocentr.ru/ru/exhibitions/f33d0466-98f8-11ef-80ce-a0d3c1fab97f/exhibitors/380186?&stand=8F020;ТРЭИ, АО;http://trei.biz/;8 800 201-8539;tr-penza@trei.biz;Программное обеспечение Импортозамещение Системы автоматики и телемеханики. Контрольно-измерительные приборы, регуляторы технологических процессов переработки нефти и газа
https://icatalog.expocentr.ru/ru/exhibitions/f33d0466-98f8-11ef-80ce-a0d3c1fab97f/exhibitors/380223?&stand=8B100;ТЭК-СИСТЕМС, ООО;https://tek-systems.ru/;;sales@tek-systems.ru;Оборудование для нефтебаз, газовых терминалов Резервуарное оборудование Импортозамещение
https://icatalog.expocentr.ru/ru/exhibitions/f33d0466-98f8-11ef-80ce-a0d3c1fab97f/exhibitors/380260?&stand=8B110;УЛЬТРА, ГРУППА КОМПАНИЙ, ООО;http://www.ultra-gk.ru/;7 (499) 519-61-90;office@ultra-gk.ru;Измерительные приборы, расходомеры, сенсоры, управляющие устройства Импортозамещение Системы автоматики и телемеханики. Контрольно-измерительные приборы, регуляторы технологических процессов переработки нефти и газа
https://icatalog.expocentr.ru/ru/exhibitions/f33d0466-98f8-11ef-80ce-a0d3c1fab97f/exhibitors/380864?&stand=8F168;УНИХИМТЕК, НПО;http://www.unichimtek.com/;7 (495) 580-3898;info@graflex.ru;Торцевые уплотнения для насосов, компрессоров и мешалок Технологии и материалы для ремонта оборудования и трубопроводов Импортозамещение
https://icatalog.expocentr.ru/ru/exhibitions/f33d0466-98f8-11ef-80ce-a0d3c1fab97f/exhibitors/380592?&stand=8E058;ФЛОУБЕТТЕР;https://flowbetter.ru/;7 (495) 127-7823;info@flowbetter.ru;Импортозамещение Системы автоматики и телемеханики. Контрольно-измерительные приборы, регуляторы технологических процессов переработки нефти и газа Технологические насосы и арматура
https://icatalog.expocentr.ru/ru/exhibitions/f33d0466-98f8-11ef-80ce-a0d3c1fab97f/exhibitors/380023?&stand=8E030;ФЛЮИД-ЛАЙН, ООО;http://www.fluid-line.ru/;7 (495) 984-4100;mail@fluid-line.ru;Импортозамещение Технологические трубопроводы. Оборудование, арматура. Насосы технологических трубопроводов. Трубная продукция Системы автоматики и телемеханики. Контрольно-измерительные приборы, регуляторы технологических процессов переработки нефти и газа
https://icatalog.expocentr.ru/ru/exhibitions/f33d0466-98f8-11ef-80ce-a0d3c1fab97f/exhibitors/380898?&stand=8A130;ФРОСТО-СЕРВИС, ООО;http://frosto.pro/;7 (812) 241-1563;frosto.servis@gmail.com;Измерительные приборы, расходомеры, сенсоры, управляющие устройства Аппаратура и контрольно-измерительные приборы. Экологический мониторинг Импортозамещение
https://icatalog.expocentr.ru/ru/exhibitions/f33d0466-98f8-11ef-80ce-a0d3c1fab97f/exhibitors/380456?&stand=8H010;ХИМПРОДУКТ, ООО;http://www.chemproduct.ru/;7 (495) 789-9636;marketing@chemproduct.ru;Новые химические вещества и материалы, применяемые в нефтегазовой промышленности Клеи. Герметики. Компаунды Импортозамещение
https://icatalog.expocentr.ru/ru/exhibitions/f33d0466-98f8-11ef-80ce-a0d3c1fab97f/exhibitors/380213?&stand=8E160;ХИМПЭК;http://www.chempack.ru/;7 (495) 234-37-99;chempack@chempack.ru;Заводнение продуктивных пластов Вытеснение нефти с применением ПАВ Вытеснеснение нефти с применением щелочей Вытеснение нефти с применением кислот Вытеснение нефти с применением полимеров Вытеснение нефти горячей водой Гидроразрыв призабойной зоны пласта Капитальный ремонт. Техническое обслуживание и ремонт. Пусконаладочные работы
https://icatalog.expocentr.ru/ru/exhibitions/f33d0466-98f8-11ef-80ce-a0d3c1fab97f/exhibitors/380110?&stand=8E165;ХРОМОС Инжиниринг, ООО;http://www.has.ru/;7 (8313) 249-200;mail@has.ru;Лабораторное оборудование и аналитические приборы, мебель. Передвижные лаборатории Импортозамещение Системы автоматики и телемеханики. Контрольно-измерительные приборы, регуляторы технологических процессов переработки нефти и газа
https://icatalog.expocentr.ru/ru/exhibitions/f33d0466-98f8-11ef-80ce-a0d3c1fab97f/exhibitors/380910?&stand=8C140;ЦЕНТР ПОДДЕРЖКИ ЭКСПОРТА НИЖЕГОРОДСКОЙ ОБЛАСТИ;https://www.neftegaz-expo.ru/;7 (986) 745-78-69;;Оборудование для нефтебаз, газовых терминалов Реализация нефтепродуктов
https://icatalog.expocentr.ru/ru/exhibitions/f33d0466-98f8-11ef-80ce-a0d3c1fab97f/exhibitors/380458?&stand=8F071;ЭВАКЕМ ТЕХНОЛОГИИ, ООО;http://evachem.ru/;78 432 023 232;info@evachem.ru;Новые химические вещества и материалы, применяемые в нефтегазовой промышленности
https://icatalog.expocentr.ru/ru/exhibitions/f33d0466-98f8-11ef-80ce-a0d3c1fab97f/exhibitors/380106?&stand=8H080;ЭКОМЕР;http://ecomer.ru/;7 (383) 286-8710;info@ecomer.ru;Лабораторное оборудование и аналитические приборы, мебель. Передвижные лаборатории Неразрушающий контроль и техническая диагностика Импортозамещение
https://icatalog.expocentr.ru/ru/exhibitions/f33d0466-98f8-11ef-80ce-a0d3c1fab97f/exhibitors/380049?&stand=8D001;ЭКОРЕСУРС, АО;http://www.ecoresurs.ru/;7 (473) 233-46-23;marketing@ecoresurs.ru;Противопожарное оборудование. Пожарная сигнализация и контроль загазованности Системы автоматики и телемеханики. Контрольно-измерительные приборы, регуляторы технологических процессов переработки нефти и газа
https://icatalog.expocentr.ru/ru/exhibitions/f33d0466-98f8-11ef-80ce-a0d3c1fab97f/exhibitors/380375?&stand=8F130;ЭКОХИМПРИБОР НПП, ООО;https://ecohimpribor.ru/;7 (495) 662-3221;a.kornaushenko@ecohimpribor.ru;Аппаратура и контрольно-измерительные приборы. Экологический мониторинг Нефтехимическое оборудование
https://icatalog.expocentr.ru/ru/exhibitions/f33d0466-98f8-11ef-80ce-a0d3c1fab97f/exhibitors/380277?&stand=8G030;ЭКСАРА, ООО;http://www.exara.ru/#contacts;7 (495) 128-3030;info@exara.ru;Телекоммуникации и связь Промышленные сети Ethernet
https://icatalog.expocentr.ru/ru/exhibitions/f33d0466-98f8-11ef-80ce-a0d3c1fab97f/exhibitors/380857?&stand=8A040;ЭКСПОЗИЦИЯ НЕФТЬ ГАЗ, ЖУРНАЛ;http://www.runeft.ru/;7 (8552) 22-12-84;office@runeft.ru;СМИ
https://icatalog.expocentr.ru/ru/exhibitions/f33d0466-98f8-11ef-80ce-a0d3c1fab97f/exhibitors/380201?&stand=8E060;ЭЛАРА, Инженерный центр, АО;http://www.ptk-sura.ru/;7 (499) 951-0845;marketing.inc@msk.elara.ru;Информационные технологии, системы контроля и управления Импортозамещение Системы автоматики и телемеханики. Контрольно-измерительные приборы, регуляторы технологических процессов переработки нефти и газа
https://icatalog.expocentr.ru/ru/exhibitions/f33d0466-98f8-11ef-80ce-a0d3c1fab97f/exhibitors/380058?&stand=8D040;ЭЛЕМЕР, НПП, ООО;http://www.elemer.ru/;7 (495) 988-4855;ekemer@elemer.ru;Аппаратура и контрольно-измерительные приборы. Экологический мониторинг Системы автоматики и телемеханики. Контрольно-измерительные приборы, регуляторы технологических процессов переработки нефти и газа
https://icatalog.expocentr.ru/ru/exhibitions/f33d0466-98f8-11ef-80ce-a0d3c1fab97f/exhibitors/380158?&stand=8E045;ЭЛЕСИ, АО;http://www.elesy.ru/;7 (3822) 601-000;elesy@elesy.ru;Управление работой промыслов. Промысловая связь, автоматизация и телемеханизация на промыслах Автоматизация и телемеханизация в трубопроводном транспорте нефти Системы автоматики и телемеханики. Контрольно-измерительные приборы, регуляторы технологических процессов переработки нефти и газа
https://icatalog.expocentr.ru/ru/exhibitions/f33d0466-98f8-11ef-80ce-a0d3c1fab97f/exhibitors/380512?&stand=8E035;ЭЛМЕТРО-ИНЖИНИРИНГ, ООО;http://www.elmetro.ru/;7 (351) 220-1234;info@elmetro.ru;Лабораторное оборудование и аналитические приборы, мебель. Передвижные лаборатории Научные исследования для нефтегазовой отрасли
https://icatalog.expocentr.ru/ru/exhibitions/f33d0466-98f8-11ef-80ce-a0d3c1fab97f/exhibitors/380247?&stand=8H030;ЭМИ-ПРИБОР, ООО;http://www.igm-pribor.ru/;7 (812) 601-0690;info@igm-pribor.ru;Аппаратура и контрольно-измерительные приборы. Экологический мониторинг Импортозамещение Системы автоматики и телемеханики. Контрольно-измерительные приборы, регуляторы технологических процессов переработки нефти и газа
https://icatalog.expocentr.ru/ru/exhibitions/f33d0466-98f8-11ef-80ce-a0d3c1fab97f/exhibitors/380084?&stand=8D025;ЭМИКОН, AO;http://www.emicon.ru/;7 (499) 707-1645;emicon@emicon.ru;Отдельные модули, узлы, системы Импортозамещение Автоматизация и телемеханизация в трубопроводном транспорте нефти Системы автоматики и телемеханики. Контрольно-измерительные приборы, регуляторы технологических процессов переработки нефти и газа
https://icatalog.expocentr.ru/ru/exhibitions/f33d0466-98f8-11ef-80ce-a0d3c1fab97f/exhibitors/380212?&stand=8F048;ЭМИС, АО;http://www.emis-kip.ru/;7 (351) 729-9912;marketing@emis-kip.ru;Оборудование для учета нефтепродуктов Оборудование для учета и перевалки сжиженных газов
https://icatalog.expocentr.ru/ru/exhibitions/f33d0466-98f8-11ef-80ce-a0d3c1fab97f/exhibitors/380552?&stand=8B190;ЭНЕРГЕТИКА И ПРОМЫШЛЕННОСТЬ РОССИИ;http://www.eprussia.ru/;7 (812) 346-5015;office@eprussia.ru;СМИ
https://icatalog.expocentr.ru/ru/exhibitions/f33d0466-98f8-11ef-80ce-a0d3c1fab97f/exhibitors/380026?&stand=8D054;ЭНЕРГОПРОМ, ГК;https://energopromrus.ru/;8 800 700-9599;info@energopromrus.ru;Оборудование и технологии для добычи, сбора, подготовки и транспортировки природного газа Импортозамещение Нефтехимическое оборудование Системы автоматики и телемеханики. Контрольно-измерительные приборы, регуляторы технологических процессов переработки нефти и газа Капитальный ремонт. Техническое обслуживание и ремонт. Пусконаладочные работы
https://icatalog.expocentr.ru/ru/exhibitions/f33d0466-98f8-11ef-80ce-a0d3c1fab97f/exhibitors/380262?&stand=8F070;ЭРИС КИП, ООО;https://eriskip.com/ru;7 (34241) 65511;eris@eriskip.ru;Противопожарное оборудование. Пожарная сигнализация и контроль загазованности Аппаратура и контрольно-измерительные приборы. Экологический мониторинг Импортозамещение Системы автоматики и телемеханики. Контрольно-измерительные приборы, регуляторы технологических процессов переработки нефти и газа
https://icatalog.expocentr.ru/ru/exhibitions/f33d0466-98f8-11ef-80ce-a0d3c1fab97f/exhibitors/380168?&stand=8G110;ЭРСТВАК, ООО;http://www.erstvak.com/;7 (499) 703-0636;info@erstvak.com;Лабораторное оборудование и аналитические приборы, мебель. Передвижные лаборатории Газомоторное топливо. Оборудование для АГЗС и АГНКС
https://icatalog.expocentr.ru/ru/exhibitions/f33d0466-98f8-11ef-80ce-a0d3c1fab97f/exhibitors/380139?&stand=8G090;ЮМАС, НПО, ООО;http://www.jumas.ru/;7 (495) 730-2020;info@jumas.ru;Измерительные приборы, расходомеры, сенсоры, управляющие устройства Импортозамещение Системы автоматики и телемеханики. Контрольно-измерительные приборы, регуляторы технологических процессов переработки нефти и газа
https://icatalog.expocentr.ru/ru/exhibitions/f33d0466-98f8-11ef-80ce-a0d3c1fab97f/exhibitors/380233?&stand=8D090;ЮНИТЕЛ ИНЖИНИРИНГ, ООО;http://www.uni-eng.ru/;7 (495) 165-9998;info@uni-eng.ru;Создание диспетчерских пунктов и операторных центров Системы автоматики и телемеханики. Контрольно-измерительные приборы, регуляторы технологических процессов переработки нефти и газа
