Ссылка;Название;Сайт;Телефон;Email;Страна
https://www.hhexpo.ru/company-card-26/?sendcompany=5575;AIJIE LTD;https://expo-retail.ru;;;Китай
https://www.hhexpo.ru/company-card-26/?sendcompany=5106;AISHIDA CO., LTD;http://www.chinaasd.com;758 668 723  ;Shelley.wang@asd.com.cn;Китай
https://www.hhexpo.ru/company-card-26/?sendcompany=5037;ANFIHOME;http://www.anfiladachina.com;7 903 755-38-08;DA@ptk-eurostandart.ru;Россия
https://www.hhexpo.ru/company-card-26/?sendcompany=5249;ANHUI FUNAHAI INVESTMENT DEVELOPMENT CO., LTD;http://www.funahaiappliance.com;;info@funahai.com;Китай
https://www.hhexpo.ru/company-card-26/?sendcompany=5542;Anhui Nature Imp. & Exp. Co., Ltd;http://www.eco-package.biz;;sales03@cnhyde.com;Китай
https://www.hhexpo.ru/company-card-26/?sendcompany=5227;AOYAM KITCHEN (ZHONGSHAN) CO., LTD;http://www.hiamea.com;86 872 739 216  ;872739216@qq.com;Китай
https://www.hhexpo.ru/company-card-26/?sendcompany=5095;APLUS;http://aplus-russia.com;8-900-327-19-65;sale3@aplus-russia.com;Россия
https://www.hhexpo.ru/company-card-26/?sendcompany=5036;Baikal Express;http://baikalasia.ru;74 959 818 301  ;russia@baikalasia.com;Россия
https://www.hhexpo.ru/company-card-26/?sendcompany=5069;BAIZHENG;http://www.baizheng.ru;7 96 139-20-71;Baizheng77@mail.ru;Китай
https://www.hhexpo.ru/company-card-26/?sendcompany=5230;Bazhou Linyu Household Products Co., Ltd;http://www.linyumop.com;8 615 933 363 374  ;melinda.meng@linyumop.com;Китай
https://www.hhexpo.ru/company-card-26/?sendcompany=5201;BEJOY SHANGHAI IMP & EXP CO., LTD;https://expo-retail.ru/catalog-company/bejoy-shanghai-imp-exp-co-ltd;8 613 776 016 011  ;bryant@bejoyglobal.com;Китай
https://www.hhexpo.ru/company-card-26/?sendcompany=5134;BENHENG TECHNOLOGY LTD.;http://www.benheng.com;825 668 198  ;sales6@benheng.com.cn;Китай
https://www.hhexpo.ru/company-card-26/?sendcompany=5147;Bonafide Houseware Co., Ltd;http://www.bn-house.com;8 618 024 206 811  ;yikhung.ho@bn-house.com;Китай
https://www.hhexpo.ru/company-card-26/?sendcompany=5138;Cangzhou Zhenxi Glass Products Co., Ltd;https://expo-retail.ru/catalog-company/cangzhou-zhenxi-glass-products-co-ltd;;1044415913@qq.com;Китай
https://www.hhexpo.ru/company-card-26/?sendcompany=5020;CAT AREA;http://sever-company.ru;8- 995- 335- 99- 95;gold@sever-company.ru;Россия
https://www.hhexpo.ru/company-card-26/?sendcompany=5093;CEM;;;info@cemmutfak.comwww.cemmutfak.com;Турция
https://www.hhexpo.ru/company-card-26/?sendcompany=5016;CGS Express;http://www.cgs-express.ru;79 895 888 188  ;info@cgs-express.ru;Китай
https://www.hhexpo.ru/company-card-26/?sendcompany=5262;Changchun Yufeng Electrical Appliance Co., Ltd;;8 617 390 902 606  ;543430406@qq.com;Китай
https://www.hhexpo.ru/company-card-26/?sendcompany=5149;CHANGSHU POWER CLEAN CO., LTD;http://www.cnpowerclean.com;;sales8@cnpowerclean.com;Китай
https://www.hhexpo.ru/company-card-26/?sendcompany=5145;Chaozhou Xiongmei Ceramics Industry Co., Ltd;;;yifeng@xiongmeicn.com;Китай
https://www.hhexpo.ru/company-card-26/?sendcompany=5271;CHINA NINGBO YINZHOU HAONUO HARDWARE FACTORY;;;2916996539@qq.com;Китай
https://www.hhexpo.ru/company-card-26/?sendcompany=5252;CIXI GSTAR ELECTRIC APPLIANCE CO., LTD;http://www.nbgstar.com;884 446 300  ;Sales@nbgstar.com;Китай
https://www.hhexpo.ru/company-card-26/?sendcompany=5202;CIXI HOMEASE ELECTRICAL PRODUCTS CO., LTD;http://www.homease.com.cn;888 583 260  ;huajun_sam@homease.com.cn;Китай
https://www.hhexpo.ru/company-card-26/?sendcompany=5267;CIXI SPEED ELECTRICAL APPLIANCE CO., LTD;http://www.hairsclippers.com;736 123 300  ;bill@cxspeed.cn;Китай
https://www.hhexpo.ru/company-card-26/?sendcompany=5215;CIXI TAIKOO ELECTRICAL APPLIANCE CO., LTD;;;david@cxtaikoo.com;Китай
https://www.hhexpo.ru/company-card-26/?sendcompany=5120;CIXI UTRUST ELECTRIC APPLIANCE CO., LTD;http://www.cn-utrust.com;8 615 356 098 958  ;SALES13@CN-UTRUST.COM;Китай
https://www.hhexpo.ru/company-card-26/?sendcompany=5260;CIXI XINLUN ELECTRICAL APPLIANCE CO., LTD;http://www.nbxinlun.com;8 613 884 453 829  ;sales07@nbxinlun.com;Китай
https://www.hhexpo.ru/company-card-26/?sendcompany=5229;Cixi Xionghui Electric Appliance Co., Ltd;https://expo-retail.ru/catalog-company/cixi-xionghui-electric-appliance-co-ltd;8 957 928 687  ;1966365359@qq.com;Китай
https://www.hhexpo.ru/company-card-26/?sendcompany=5119;CIXI ZHAOFENG ELECTRIC APPLIANCE CO., LTD;http://www.nbzhaofeng.com;;leo@cx-zhaofeng.com;Китай
https://www.hhexpo.ru/company-card-26/?sendcompany=5066;Davr;https://expo-retail.ru/catalog-company/davr-davr;7(925)000-39-39;Davrmetall.ru@yandex.ru;Россия
https://www.hhexpo.ru/company-card-26/?sendcompany=5054;Deali;http://atlasts.ru;7 985 626-35-55;support@atlasts.ru;Россия
https://www.hhexpo.ru/company-card-26/?sendcompany=5117;DEMAO PRECISION TECHNOLOGY (HUIZHOU) CO., LTD;http://www.szdemao.com;;demao@szdemao.com;Китай
https://www.hhexpo.ru/company-card-26/?sendcompany=5235;Dingbo Sponge Product Co., Ltd;http://ycdb6688.en.alibaba.com;8 860 924 338  ;18860924337@163.com;Китай
https://www.hhexpo.ru/company-card-26/?sendcompany=5216;DONGGUAN CITY TIANHUA PHOTOELECTRIC TECHNOLOGY CO., LTD;http://www.tianhualighting.com;76 938 854 328  ;sales3@tianhualighting.com;Китай
https://www.hhexpo.ru/company-card-26/?sendcompany=5178;DONGGUAN LUCKY HOME ELECTRICAL APPLIANCE CO., LTD;;;;
https://www.hhexpo.ru/company-card-26/?sendcompany=5572;Dongguan Regis Battery Co., Ltd;http://www.nuoxingdz.cn;;feng@nuoxingdz.com;Китай
https://www.hhexpo.ru/company-card-26/?sendcompany=5140;Dongguan Super Electric Technology Co., Ltd;http://superelectric.en.alibaba.com;8 618 370 961 867  ;Iris@dgsuperet.com;Китай
https://www.hhexpo.ru/company-card-26/?sendcompany=5281;EMIGOTEK (GUANGDONG) TECHNOLOGY CO., LTD;http://www. emigotek.com;802 901 125  ;Joe.ji@emigotek.com;Китай
https://www.hhexpo.ru/company-card-26/?sendcompany=5189;ENPING XUANYIN ELECTRONIC TECHNOLOGY CO., LTD;http://www.xuan-audio.com;8 613 828 096 921  ;hy@xuanyin.vip;Китай
https://www.hhexpo.ru/company-card-26/?sendcompany=5073;Estente;;;;Россия
https://www.hhexpo.ru/company-card-26/?sendcompany=5123;FIMM CHINA LTD.;;8 618 626 255 150  ;nengzhong@fimmchina.comwww.fimmchina.com;Китай
https://www.hhexpo.ru/company-card-26/?sendcompany=5088;FLUGEL-ARSHIA;http://www.altannangroup.com;7 142 369 995  ;Htamimi@altannan.com;ОАЭ
https://www.hhexpo.ru/company-card-26/?sendcompany=5174;FOSHAN BABELS ELECTRIC APPLIANCE CO., LTD;http://babelsdisposal.com;;Alice@babels.com.cn;Китай
https://www.hhexpo.ru/company-card-26/?sendcompany=5200;FOSHAN BAMEI ELECTRICAL APPLIANCE CO., LTD;http://www.fsliermei.com;8 675 722 902 817  ;contact@lymeia.com;Китай
https://www.hhexpo.ru/company-card-26/?sendcompany=5194;FOSHAN CITY AIMPURO ELECTRICAL CO., LTD;http://www.aimpuro.com;813 619 650  ;rite102700@126.com;Китай
https://www.hhexpo.ru/company-card-26/?sendcompany=5274;Foshan Greafor Import and Export Co., Ltd;http://www.greaforblender.com;;glassblender1@greafor.com;Китай
https://www.hhexpo.ru/company-card-26/?sendcompany=5184;FOSHAN KOMISUN ELECTRIC APPLIANCE CO., LTD;http://www.komisun.com;726 327 413  ;crystal@komisun.com;Китай
https://www.hhexpo.ru/company-card-26/?sendcompany=5181;FOSHAN PINJI IMPORT&EXPORT CO., LTD;http://www.jiangmenwelson.com;75 722 300 291  ;josie.zhou@welson.cn;Китай
https://www.hhexpo.ru/company-card-26/?sendcompany=5265;FOSHAN PLASTIC APPLIANCE TECHNOLOGY CO., LTD;;768 888 572  ;summer@wesharegroup.com.cn;Китай
https://www.hhexpo.ru/company-card-26/?sendcompany=5196;FOSHAN SHUNDE BELIEVE ELECTRICAL APPLIANCES CO., LTD;http://www.ibelieve-china.com;886-757-28878778;jessica@ibelieve-china.com;Китай
https://www.hhexpo.ru/company-card-26/?sendcompany=5179;FOSHAN SHUNDE MAXCAN ELECTRICAL APPLIANCES CO., LTD;http://www. maxcan.net.cn;757-26361080;maxcan@aliyun.com;Китай
https://www.hhexpo.ru/company-card-26/?sendcompany=5303;FOSHAN SHUNDE SIKAIPU TRADING CO., LTD;;8 128 787 845  ;574261566@qq.com;Китай
https://www.hhexpo.ru/company-card-26/?sendcompany=5193;FOSHAN SHUNDE STELANG ELECTRIC APPLIANCE CO., LTD;http://www.stelang.com;8 675 725 383 650  ;waimao@stelang.com;Китай
https://www.hhexpo.ru/company-card-26/?sendcompany=5142;Foshan Wanniu Electric Appliance Co., Ltd;http://www.fswanniu.com;8 613 620 166 580  ;Sales1@fswanniu.com;Китай
https://www.hhexpo.ru/company-card-26/?sendcompany=5127;FUAN GUOHENG INDUSTRIAL AND TRADING CO., LTD;https://expo-retail.ru/catalog-company/fuan-guoheng-industrial-and-trading-co-ltd;;;Китай
https://www.hhexpo.ru/company-card-26/?sendcompany=5129;Fuan Ruili Electronics Co., Ltd;;;jkrmassager@163.com;Китай
https://www.hhexpo.ru/company-card-26/?sendcompany=5064;FUNZONE;http://www.funzone.su;7 (495) 477 33 67;mail@funzone.su;Россия
https://www.hhexpo.ru/company-card-26/?sendcompany=5300;GAOYANG COUNTY SOFT TEXTILE TRADING CO., LTD;http://www.textilessoft.com;8 617 732 233 601  ;sara@softextile.com;Китай
https://www.hhexpo.ru/company-card-26/?sendcompany=5058;GARDECK;http://gardeck24.ru;8 (495) 212-23-17;zakaz@gardeck24.ru;Россия
https://www.hhexpo.ru/company-card-26/?sendcompany=5239;GUANGDONG CHENMEI ELECTRICAL APPLIANCES CO., LTD;https://expo-retail.ru/catalog-company/guang-dong-chenmei-electrical-appliances-co;725 429 225  ;281827296@qq.com;Китай
https://www.hhexpo.ru/company-card-26/?sendcompany=5114;GUANGDONG HALLSMART INTELLIGENCE TECHNOLOGY CORPORATION LIMITED;http://www.hallsmart.com.cn;8 925 096 545  ;candy.li@hallsmart.com.cn;Китай
https://www.hhexpo.ru/company-card-26/?sendcompany=5310;GUANGDONG HANMO TECHNOLOGY CO., LTD;http://www.hanmotek.com;;14807763@qq.com;Китай
https://www.hhexpo.ru/company-card-26/?sendcompany=5165;Guangdong Hotsy Technology Company Limited;http://www.hotsytech.com;8 676 022 506 313  ;winnie@hotsy.ltd;Китай
https://www.hhexpo.ru/company-card-26/?sendcompany=5288;GUANGDONG KANGLI HOUSEHOLD PRODUCTS CO., LTD;http://www.gdkangli.com;;kangli@gdkangli.com;Китай
https://www.hhexpo.ru/company-card-26/?sendcompany=5197;Guangdong Kerong Electrical Appliances Co., Ltd;http://www.kerong.com;815 970 452  ;harry.auyeung@kerong.com;Китай
https://www.hhexpo.ru/company-card-26/?sendcompany=5198;GUANGDONG MIDGARD ELECTRICAL APPLIANCE CO., LTD;;;alice@gd-midgard.com;Китай
https://www.hhexpo.ru/company-card-26/?sendcompany=5185;GUANGDONG MINGJIAN ELECTRICAL TECHNOLOGY CO., LTD;http://www..minjanappliance.com;;savor5@savorlife.cn;Китай
https://www.hhexpo.ru/company-card-26/?sendcompany=5186;GUANGDONG OULEMEI IMPORT AND EXPORT CO., LTD;http://www.oulemei.top;;oulemei@oulemei.top;Китай
https://www.hhexpo.ru/company-card-26/?sendcompany=5167;Guangdong Smarton Heating Technology Co., Ltd;;8 613 928 139 029  ;ivy@chinasmarton.com;Китай
https://www.hhexpo.ru/company-card-26/?sendcompany=5191;GUANGDONG ZONCENWAY ELECTRIC TECHNOLOGY CO., LTD;;;Jody@zoncenway.com;Китай
https://www.hhexpo.ru/company-card-26/?sendcompany=5125;GUANGZHOU SAWTRU WOOD PRODUCTS LIMITED;http://www.sawtru.com;8 618 565 199 003  ;Inquiry@sawtru.com;Китай
https://www.hhexpo.ru/company-card-26/?sendcompany=5188;Guangzhou Wenjian Household Products Co., Ltd;http://www.wenjianhousehold.com;;sales05@wenjianjiaju.com;Китай
https://www.hhexpo.ru/company-card-26/?sendcompany=5086;G?RMETAL;http://www.gurmetalsan.com.tr;;ozankocyigit@gurmetalsan.com.tr;Турция
https://www.hhexpo.ru/company-card-26/?sendcompany=5259;HANGZHOU ANPEL APPLIANCE CO., LTD;http://anpel.en.alibaba.com;868 889 696  ;anpel@vip.163.com;Китай
https://www.hhexpo.ru/company-card-26/?sendcompany=5574;Hebei Xiong'an Yizhao Trading Co., Ltd;https://expo-retail.ru/catalog-company/hebei-xiongan-yizhao-trading-co-ltd;8 630 253 567  ;deson@wanshipai.com;Китай
https://www.hhexpo.ru/company-card-26/?sendcompany=5242;Huizhou Pinxu Electronics Co., Ltd;http://grace@hzpinxu.com;823 255 566  ;ann@hzpinxu.com;Китай
https://www.hhexpo.ru/company-card-26/?sendcompany=5172;HUIZHOU VANSU TECHNOLOGY CO., LTD;http://www.vansu.com.cn;;sale01@vansu.com.cn;Китай
https://www.hhexpo.ru/company-card-26/?sendcompany=5269;HUZHOU ACRDA METALLIC PRODUCTS CO., LTD;http://www.acrda.cn;8 618 105 726 887  ;Bryan.ni@acrda.cn;Китай
https://www.hhexpo.ru/company-card-26/?sendcompany=5177;Islow Electric (Zhongshan) Co., Ltd;http://www.islowlife.net;760-28383339;zhangxu@islowlife.net;Китай
https://www.hhexpo.ru/company-card-26/?sendcompany=5153;Jiang Men Leegin Stainless Steel Products Co., Ltd;http://yudingfeng888.1688.com;8 924 689 131  ;154129519@qq.com;Китай
https://www.hhexpo.ru/company-card-26/?sendcompany=5101;JIANGMEN CITY YINGCHUANG METAL PRODUCTS CO., LTD;http://www.jl-cookware.com;;katrina@jl-cookware.com;Китай
https://www.hhexpo.ru/company-card-26/?sendcompany=5163;JIANGMEN HOPEFUL HOUSEWARE LIMITED;http://www.jauvicasa.com www.jmhopeful.com;750-3118683;Ryan@jmhopeful.com;Китай
https://www.hhexpo.ru/company-card-26/?sendcompany=5305;Jiangmen Xinxu Hardware Crafts Manufacturing Co., Ltd;http://www.xinxumirror.com;750-3898101;sales08@xinxumirror.com;Китай
https://www.hhexpo.ru/company-card-26/?sendcompany=5577;JIANGSU LIANKUN STAINLESS STEEL CO.,LTD;;;;Китай
https://www.hhexpo.ru/company-card-26/?sendcompany=5206;JIANGSU CHO TECHNOLOGY CO., LTD;http://www.choea-china.com;;walt@choea-china.com;Китай
https://www.hhexpo.ru/company-card-26/?sendcompany=5104;Jiangsu Mega Motor Co., Ltd;http://www.megamotor.cn;8 618 914 729 953  ;Vicky@jgmagnet.com;Китай
https://www.hhexpo.ru/company-card-26/?sendcompany=5100;JIAXING KOW-LINK HOUSEWARE PRODUCTS CO., LTD;http://www.jesun.com;817 850 457  ;river@boomjoy.net;Китай
https://www.hhexpo.ru/company-card-26/?sendcompany=5131;JiaXing MingJie Household Cleaning Product Co., LTD;;750 745 993  ;amylucky621@163.com;Китай
https://www.hhexpo.ru/company-card-26/?sendcompany=5102;JIEYANG ZHENGHONGSHENG HARDWARE INDUSTRIAL CO., LTD;http://suyuming230.1688.com;;levin@mrdarensu.com;Китай
https://www.hhexpo.ru/company-card-26/?sendcompany=5311;Jinan Haoxing New Energy Co., Ltd;http://www.jnhaoxing.com;;676755785@qq.com;Китай
https://www.hhexpo.ru/company-card-26/?sendcompany=5309;Jinhua Hopei Grain Trading Co., Ltd;;8 619 884 522 551  ;allenbao@betterway.cn;Китай
https://www.hhexpo.ru/company-card-26/?sendcompany=5540;Jinhua Shenlong Industrial Co., Ltd;http://www.cnjhsl.com;;1033165611@QQ.com;Китай
https://www.hhexpo.ru/company-card-26/?sendcompany=5301;JUNRONG JIAYE (DONGGUAN) TECHNOLOGY CO., LTD;http://www.dg-bot.com;8 613 823 239 354  ;melody@dg-bot.com;Китай
https://www.hhexpo.ru/company-card-26/?sendcompany=5080;KANAT DIS TICARET DANISMANLIK SAN. TIC. LTD. STI.;http://www.kanat.com;8 212 152 479  ;kanat@kanat.com;Турция
https://www.hhexpo.ru/company-card-26/?sendcompany=5076;KARELIA;;;;Россия
https://www.hhexpo.ru/company-card-26/?sendcompany=5063;KARGO 897;;;;Россия
https://www.hhexpo.ru/company-card-26/?sendcompany=5090;KENT FIESTA;http://fiesta.com.tr;;info@fiesta.com.tr;Турция
https://www.hhexpo.ru/company-card-26/?sendcompany=5284;LINKMAN IMPORT & EXPORT (ZHONGSHAN) CO., LTD;;878 439 937  ;2878439937@qq.com;Китай
https://www.hhexpo.ru/company-card-26/?sendcompany=5294;LOVEUBEST TECHNOLOGY (SUZHOU) CO., LTD;http://www.loveubest.com;8 619 901 497 219  ;fuxiaolei@loveubest.com;Китай
https://www.hhexpo.ru/company-card-26/?sendcompany=5012;M-GROUP;http://m-group71.ru;8-920-766-24-67;md-mebel@bk.ru;Россия
https://www.hhexpo.ru/company-card-26/?sendcompany=5214;MENGCHENG COUNTY SHOUJIA IMPORT&EXPORT CO., LTD;;;;Китай
https://www.hhexpo.ru/company-card-26/?sendcompany=5092;MOTORFAN ELEKTRIK SANAYI TIC.LTD.STI;http://www.motorfan.com.tr;;info@motorfan.com.tr;Турция
https://www.hhexpo.ru/company-card-26/?sendcompany=5277;NANJING LIANGXIU LATEX PRODUCTS CO., LTD;;8 510 056 185  ;7697198252@qq.com;Китай
https://www.hhexpo.ru/company-card-26/?sendcompany=5256;NANJING TC TECH CO., LTD;http://www.njtctech.com;8 994 077 696  ;office@njtctech.com;Китай
https://www.hhexpo.ru/company-card-26/?sendcompany=5238;Nanjing Tongbo Electronic Technology Co., Ltd;http://www.techtongbo.com;;support@techtongbo.com;Китай
https://www.hhexpo.ru/company-card-26/?sendcompany=5068;NEFERTITI FACTORY;https://expo-retail.ru/catalog-company/nefertiti-factory-ooo-ip;89 030 615 907  ;nefertitifactory@yandex.ruhttps;Узбекистан
https://www.hhexpo.ru/company-card-26/?sendcompany=5132;NINGBO 3D HOUSEHOLD CO., LTD;http://www.3dscent.com;8 615 824 231 958  ;eugene@3dscent.com;Китай
https://www.hhexpo.ru/company-card-26/?sendcompany=5109;Ningbo Aipulan Lighting Technology Co., Ltd;;;best118@qq.com;Китай
https://www.hhexpo.ru/company-card-26/?sendcompany=5111;Ningbo Aolbea Oral Care Products Co., Ltd;http://www.aolbea.com;;export@aolbea.com;Китай
https://www.hhexpo.ru/company-card-26/?sendcompany=5276;NINGBO BEEFIT KITCHENWARE CO., LTD;http://www.beefitcooker.com;8 886 949 388  ;lucy@beefitcooker.com;Китай
https://www.hhexpo.ru/company-card-26/?sendcompany=5154;NINGBO CHENFENG HOME DECOR CO., LTD;http://cf-homedecor.en.alibaba.com/ chenfeng2.en.alibaba.com;869 335 758  ;james@chenfeng-homedecor.com;Китай
https://www.hhexpo.ru/company-card-26/?sendcompany=5286;NINGBO DASHENG DAILY PRODUCTS CO., LTD;http://www.nbdssc.com;;jack@nbdssc.com;Китай
https://www.hhexpo.ru/company-card-26/?sendcompany=5217;Ningbo Dinghao Electrical Appliances Co., Ltd;http://www.dhairfryer.com;;Leo@airfryeracces.com;Китай
https://www.hhexpo.ru/company-card-26/?sendcompany=5112;NINGBO DOMA IMP & EXP CO., LTD;;8 615 869 330 309  ;Dominic@domagruppo.com;Китай
https://www.hhexpo.ru/company-card-26/?sendcompany=5291;NINGBO DUOYI ELECTRICAL APPLIANCE CO., LTD;http://www.nbduoyi.com;8 658 284 116  ;stella@nbduoyi.com;Китай
https://www.hhexpo.ru/company-card-26/?sendcompany=5250;NINGBO EYTRONIC ELECTRIC APPLIANCES CO., LTD;http://eytronic.en.alibaba.com;8 617 858 510 120  ;Danny@eytronic.com;Китай
https://www.hhexpo.ru/company-card-26/?sendcompany=5133;NINGBO FENGSHENG INT’L TRADING CO., LTD;https://expo-retail.ru/catalog-company/ningbo-fengyi-electric-appliance-co-ltd;735 758 071  ;Cherrywang1011@163.com;Китай
https://www.hhexpo.ru/company-card-26/?sendcompany=5253;NINGBO FENGYI ELECTRIC APPLIANCE CO., LTD;http://www.nbfengyi.cn;8 657 463 407 718  ;kevinchang@188.com;Китай
https://www.hhexpo.ru/company-card-26/?sendcompany=5183;Ningbo Hangda Electronic Technology Co., Ltd;http://www.Steam Cleaning Mop Manufacturers, Cleaner Steam Mop Suppliers;8 657 462 517 516  ;sales02@hangdanb.com;Китай
https://www.hhexpo.ru/company-card-26/?sendcompany=5210;NINGBO HANTAI INTELLIGENT TECHNOLOGY CO., LTD;http://www.nbhantai.com.cn;;laura@nbhantai.com.cn;Китай
https://www.hhexpo.ru/company-card-26/?sendcompany=5113;NINGBO HAOLIN ELECTRIC APPLIANCE CO., LTD;http://haolindianqi.manufacturer.globalsources.com;;kiki@haolindianqi.cn;Китай
https://www.hhexpo.ru/company-card-26/?sendcompany=5278;NINGBO HAOZHUSHOU INTLLIGENT TECHNOLOGY CO., LTD;http://www.hzs.cc;884 431 555  ;angel@hzs.cc;Китай
https://www.hhexpo.ru/company-card-26/?sendcompany=5263;NINGBO HENGSHENG ELECTRICAL APPLIANCE CO., LTD;http://www.cnsunrise.com;8 613 958 394 353  ;allen@cnsunrise.com;Китай
https://www.hhexpo.ru/company-card-26/?sendcompany=5108;NINGBO HOWIN ELECTRIC APPLIANCES CO., LTD;;;harry@nbhowin.com;Китай
https://www.hhexpo.ru/company-card-26/?sendcompany=5141;Ningbo Huafu Home Goods Co., Ltd;;;huafu4@nbhfjj.com;Китай
https://www.hhexpo.ru/company-card-26/?sendcompany=5116;NINGBO HUIJIE ELECTRICAL APPLIANCES CO., LTD;http://www.nbhuijie.com;;sales2@nbhuijie.com;Китай
https://www.hhexpo.ru/company-card-26/?sendcompany=5254;Ningbo Jianhe Electric Appliance Co., Ltd;http://nbjianhe.en.alibaba.com;8 167 217 301  ;260593732@qq.com;Китай
https://www.hhexpo.ru/company-card-26/?sendcompany=5103;Ningbo Jimi Star Electrical Appliance Co., Ltd;https://expo-retail.ru/catalog-company/ningbo-jimi-star-electrical-appliance-co-lt;;;Китай
https://www.hhexpo.ru/company-card-26/?sendcompany=5290;NINGBO JIONGCHI ELECTRICAL APPLIANCE CO., LTD;http://www.cn-kingfly.com;;tina@cn-kingfly.com;Китай
https://www.hhexpo.ru/company-card-26/?sendcompany=5170;Ningbo Klinsmann Intelligent Technology Co., Ltd;http://www.robotklinsmann.com;8 042 068 636  ;sales2@klinsmannrobot.com;Китай
https://www.hhexpo.ru/company-card-26/?sendcompany=5302;Ningbo Lebicheng Import and Export Co., Ltd;https://expo-retail.ru/catalog-company/ningbo-lebicheng-import-and-export-co-ltd;8 758 327 116  ;dean.shen@lebicheng.com;Китай
https://www.hhexpo.ru/company-card-26/?sendcompany=5118;NINGBO LEMEIJIA ELECTRIC EQUIPMENT TECHNOLOGY CO., LTD;http://www.limika.cc;;wendy@isdwater.com;Китай
https://www.hhexpo.ru/company-card-26/?sendcompany=5203;NINGBO LEOTE ELECTRIC APPLIANCE CO., LTD;https://expo-retail.ru/catalog-company/ningbo-leote-electric-appliance-co-ltd;;sales5@nbleote.com;Китай
https://www.hhexpo.ru/company-card-26/?sendcompany=5130;NINGBO LIVING HOUSE CO., LTD;http://nbliving.en.alibaba.com;;joyce@nbjiahao.com;Китай
https://www.hhexpo.ru/company-card-26/?sendcompany=5287;NINGBO LOBONE HOUSEHOLD ITEMS CO., LTD;https://expo-retail.ru/catalog-company/ningbo-lobone-household-items-co-ltd;8 618 606 622 414  ;ken@nbmarsun.com;Китай
https://www.hhexpo.ru/company-card-26/?sendcompany=5244;Ningbo Proclean Co., Ltd;http://www.nbbvc.com;8 615 236 409 813  ;Sales2@nbbvc.com;Китай
https://www.hhexpo.ru/company-card-26/?sendcompany=5213;NINGBO RONGYIDA ELECTRIC APPLIANCE CO., LTD;http://www.cleanbaby.com.cn;;sales6@cleanbaby.com.cn;Китай
https://www.hhexpo.ru/company-card-26/?sendcompany=5180;NINGBO RUNCHEN INTELLIGENT TECHNOLOGY CO., LTD;https://expo-retail.ru/catalog-company/ningbo-runchen-intelligent-technology-co-lt;;mananger@ramllykitchen.com;Китай
https://www.hhexpo.ru/company-card-26/?sendcompany=5245;NINGBO RUNSHANGJIA ELECTRICAL APPLIANCE CO., LTD;;825 102 284  ;825102284@qq.com;Китай
https://www.hhexpo.ru/company-card-26/?sendcompany=5273;NINGBO SAIDING ELECTRIC APPLIANCE CO., LTD;http://www.cnsaiding.com;;susan@saidingelectric.com;Китай
https://www.hhexpo.ru/company-card-26/?sendcompany=5243;NINGBO SEVENJOY ELECTRIC CO., LTD;http://www.nbsevenjoy.com;8 613 486 662 246  ;sale10@nbsevenjoy.com;Китай
https://www.hhexpo.ru/company-card-26/?sendcompany=5268;NINGBO SHINING ELECRTICAL APPLIANCE CO., LTD;http://www.nbshining.cn;;Cindy@nbshining.cn;Китай
https://www.hhexpo.ru/company-card-26/?sendcompany=5182;NINGBO TIANREN APPLIANCES CO., LTD;https://expo-retail.ru/catalog-company/ningbo-tianren-appliances-co-ltd;867 811 332  ;sally@jjb.cnwww.jjb.cn;Китай
https://www.hhexpo.ru/company-card-26/?sendcompany=5282;Ningbo Union Imp&Exp Co., Ltd;http://www.top-ease.com;8 615 858 991 108  ;Lindazeng@sellersunion.com;Китай
https://www.hhexpo.ru/company-card-26/?sendcompany=5136;NINGBO UNION VISION IMP&EXP CO., LTD;http://www.unionvision.com;;Best3@unionvision.com.cn;Китай
https://www.hhexpo.ru/company-card-26/?sendcompany=5296;NINGBO WEALTH ELECTRICAL CO., LTD;http://www.wxlight.cn;;yazmin@vip.163.com;Китай
https://www.hhexpo.ru/company-card-26/?sendcompany=5204;NINGBO WEST ISLAND ELECTRIC CO., LTD;http://www.nbwestisland.com;;Sales2@nbwestisland.com;Китай
https://www.hhexpo.ru/company-card-26/?sendcompany=5538;Ningbo Wonderful Plastic Industry And Trade Co., Ltd;http://www.wonderful-gm.com;;monica@sunnysidetoys.com;Китай
https://www.hhexpo.ru/company-card-26/?sendcompany=5122;Ningbo Xiaoying Trading Co., Ltd;http://nbxiaoying.en.alibaba.com;;yukaihua@zjxuanhuigm.com;Китай
https://www.hhexpo.ru/company-card-26/?sendcompany=5098;NINGBO XINLUN IMP.& EXP. CO., LTD;http://www.gold-wings.cn;;sales@gold-wings.cn;Китай
https://www.hhexpo.ru/company-card-26/?sendcompany=5169;Ningbo Yicheng Technology Co., Ltd;http://www.nbyichengtech.com;8 758 310 836  ;sales@yichengea.com;Китай
https://www.hhexpo.ru/company-card-26/?sendcompany=5264;Ningbo Yuzao Technology Co., Ltd;http://www.cnyuzao.com;8 615 757 193 754  ;billy@yuzaotech.com;Китай
https://www.hhexpo.ru/company-card-26/?sendcompany=5280;NINGBO ZHENGFEI Electronic Technology Co., Ltd;http://www.nbzhengfei.com;;SALES1@nbzhengfei.com;Китай
https://www.hhexpo.ru/company-card-26/?sendcompany=5168;Ningbo Zhenhai Yihao Electronic Technology Co., Ltd;http://www.chinayihao.cn or www.yihaodz.en.alibaba.com;;manager@chinayihao.cn;Китай
https://www.hhexpo.ru/company-card-26/?sendcompany=5190;NINGBO ZHONGHONG INTELLIGENT TECHNOLOGY CO., LTD;http://nbzhonghong8.en.alibaba.com;;shelly@nb-homemax.com;Китай
https://www.hhexpo.ru/company-card-26/?sendcompany=5128;NINGDE BRILLIANT MASSAGER CO., LTD;http://www.brilliantmassager.com;8 959 390 712  ;shirley@ghmassager.com;Китай
https://www.hhexpo.ru/company-card-26/?sendcompany=5051;NIXANA;http://www.nixana.ru;79 361 888 800  ;First@nixana.ru;Россия
https://www.hhexpo.ru/company-card-26/?sendcompany=5007;NOX HOME TEXTILE;;7 493 061 921  ;christinahovakimya@gmail.com;Армения
https://www.hhexpo.ru/company-card-26/?sendcompany=5089;Plus Plastik ve Metal San. Tic. A.?;http://www.pluspm.com.tr;90 (212) 485 19 12;info@pluspm.com.tr;Турция
https://www.hhexpo.ru/company-card-26/?sendcompany=5255;PUE ELECTRICAL APPLIANCE CO., LTD OF ZHONGSHAN;http://www.puegp.com;8 022 035 626  ;nancy@puegp.com;Китай
https://www.hhexpo.ru/company-card-26/?sendcompany=5148;QINGDAO EVERLAST GLASS PRODUCTS CO., LTD;http://www.qdeverlastglass.com;8 615 192 095 811  ;Daniel.xie@qdeverlastglass.com;Китай
https://www.hhexpo.ru/company-card-26/?sendcompany=5158;QINGDAO HOMESO IMPORT AND EXPORT CO., LTD;http://www.homeso.net;8 669 884 299  ;0086-18669884299simon@homeso.net;Китай
https://www.hhexpo.ru/company-card-26/?sendcompany=5312;QIXIAN ELEGANT GLASSWARE CO., LTD;http://meizhiliglass.en.alibaba.com;;bonnie@mzlglassware.com;Китай
https://www.hhexpo.ru/company-card-26/?sendcompany=5166;SACON (Zhejiang Shuaikang Electric Stock Co., Ltd);http://www.sacon-global.com;8 867 586 536  ;leon@sacon.cn;Китай
https://www.hhexpo.ru/company-card-26/?sendcompany=5251;Sanlida Electrical Technology Co., Ltd;http://www.sanlidaco.com;8 615 178 318 730  ;christina@sanlidaco.com;Китай
https://www.hhexpo.ru/company-card-26/?sendcompany=5077;SDIT.Co., Ltd;https://expo-retail.ru/catalog-company/sdit-co-ltd;77 071 784 800  ;Sditkz@bk.ru;Казахстан
https://www.hhexpo.ru/company-card-26/?sendcompany=5159;SELLERS UNION (NINGBO UNION SUPPLY CHAIN SERVICE CO., LTD);http://www.sellersunionagent.com;8 613 615 889 326  ;dep03@sellersunion.com;Китай
https://www.hhexpo.ru/company-card-26/?sendcompany=5233;SHAANXI YONGLIAN TRADE CO., LTD;https://expo-retail.ru/catalog-company/shaanxi-yonglian-trade-co-ltd;;Sales3@nbmle.cn;Китай
https://www.hhexpo.ru/company-card-26/?sendcompany=5569;Shanghai Crafter Houseware Ltd.;http://www.crafterbottle.com;8 618 930 533 136  ;Jerold@ripplesource.net;Китай
https://www.hhexpo.ru/company-card-26/?sendcompany=5228;Shanghai Dawn Home International Co., Limited;http://www.dawnhomewell.com;862 164 326 165  ;pingduan@dawnhomewell.com;Китай
https://www.hhexpo.ru/company-card-26/?sendcompany=5124;Shanghai Housing International Trade Co., Ltd;http://www.sh-housing.com;;yj@hardwareshanghai.com;Китай
https://www.hhexpo.ru/company-card-26/?sendcompany=5261;SHANXI DONGYU GLASS INCOOPERATED LIMITED;;754 841 627  ;allen.wang@sxdyglass.com;Китай
https://www.hhexpo.ru/company-card-26/?sendcompany=5099;SHANXI SUNHAO TECHNOLOGY CULTURE CO., LTD;https://expo-retail.ru/catalog-company/shanxi-sunhao-technology-culture-co-ltd;;haleryhan@sunhaoglass.com;Китай
https://www.hhexpo.ru/company-card-26/?sendcompany=5161;SHANXI XINLI CERAMICS CO., LTD;;734 180 809  ;bob@xiaocaoping.com.cn;Китай
https://www.hhexpo.ru/company-card-26/?sendcompany=5115;SHAOXING DAYI ELECTRIC APPLIANCE CO., LTD;http://www.toeasy.com.cn;7 805 858 730  ;hayley@toeasy.com.cn;Китай
https://www.hhexpo.ru/company-card-26/?sendcompany=5005;SHE STYLE.Home.Emotions;http://Shestyle.ru;89 166 974 010  ;she-cosmetics@mail.ru;Россия
https://www.hhexpo.ru/company-card-26/?sendcompany=5205;SHENZHEN BAOLIJIE TECHNOLOGY CO., LTD;http://www.bljcare.com;8 618 676 772 476  ;bljtech@bljtech.com;Китай
https://www.hhexpo.ru/company-card-26/?sendcompany=5221;SHENZHEN DERUICHEN ELECTRONICS CO., LTD;http://www.deruichen.com;8 618 508 330 697  ;2271293910@qq.com;Китай
https://www.hhexpo.ru/company-card-26/?sendcompany=5207;SHENZHEN DIYATEL ELECTRONICE CO., LIMITED;http://www.chinadiyatel.com;;sales@chinadiyatel.com;Китай
https://www.hhexpo.ru/company-card-26/?sendcompany=5211;Shenzhen Minfutech Industry and Trade Co., LTD;http://www.minfutech.com;8 618 938 021 821  ;alex@minfutech.com;Китай
https://www.hhexpo.ru/company-card-26/?sendcompany=5272;SHENZHEN TRANSTAR ELECTRONICS CO., LTD;http://www.transtar-av.cn;8 613 541 452 929  ;cs@transtar-av.cn;Китай
https://www.hhexpo.ru/company-card-26/?sendcompany=5306;SHENZHENSHI YIKANG HI-TECHNOLOGYCO., LTD;http://szyikang.1688.com;823 331 917  ;kzh0007@126.com;Китай
https://www.hhexpo.ru/company-card-26/?sendcompany=5087;SUNTEL HOUSEWARES;http://www.suntel.com.tr;;info@suntel.com.tr;Турция
https://www.hhexpo.ru/company-card-26/?sendcompany=5110;Suzhou Ash Clean Intelligent Technology Co., Ltd;http://www.cjzhineng.en.alibaba.com;8 618 962 137 293  ;poppy@ashclean.com.cn;Китай
https://www.hhexpo.ru/company-card-26/?sendcompany=5234;Suzhou KingBow Electric Appliance Co., Ltd;http://www.szkingbow.en.alibaba.com;776 068 484  ;yuli@szkingbow.com;Китай
https://www.hhexpo.ru/company-card-26/?sendcompany=5225;Suzhou Nuohao Electric Appliance Co., Ltd;http://sznuohao.en.alibaba.com;7 706 212 521  ;lu@know-howcn.com;Китай
https://www.hhexpo.ru/company-card-26/?sendcompany=5121;Suzhou Puwote Purification Equipment Co., Ltd;https://expo-retail.ru/catalog-company/suzhou-puwote-purification-equipment-co-ltd;;fenixlee@puwote.com;Китай
https://www.hhexpo.ru/company-card-26/?sendcompany=5550;SUZHOU RUNFAN HOME DECORATION CO., LTD;http://www.highlyscent.com;;Chris@raymeel.com;Китай
https://www.hhexpo.ru/company-card-26/?sendcompany=5220;SUZHOU ZHENGYIKAI ELECTRIC APPLIANCE CO., LTD;http://zhengyikai.en.alibaba.com;;Jay@58zek.com;Китай
https://www.hhexpo.ru/company-card-26/?sendcompany=5224;TAISUN TECH. (ZHONGSHAN) CO., LTD;http://www.taisuntech.com;760-86658923;932160269@qq.com;Китай
https://www.hhexpo.ru/company-card-26/?sendcompany=5279;TAIZHOU DECHUANG PLASTIC INDUSTRY CO., LTD;http://www.singswell.com;8 615 887 063 238  ;sales@singswell.com;Китай
https://www.hhexpo.ru/company-card-26/?sendcompany=5299;TAIZHOU HUANGYAN XINCHUNLIN INDUSTRY&TRADE CO., LTD;https://expo-retail.ru/catalog-company/taizhou-huangyan-xinchunlin-industry-trade-co;8 658 861 277  ;licl@chinadislin.com;Китай
https://www.hhexpo.ru/company-card-26/?sendcompany=5275;Teendow Intelligent (Shenzhen) Co., LTD;http://www.teendow,com;;Karen@teendow.com;Китай
https://www.hhexpo.ru/company-card-26/?sendcompany=5545;TIANTAI WELLE INTERNATIONAL TRADING CO., LTD;https://expo-retail.ru/catalog-company/tiantai-welle-international-trading-co-ltd;;Huang0811@vip.163.com;Китай
https://www.hhexpo.ru/company-card-26/?sendcompany=5056;Timpechi;http://Timpechi.ru;7 (987) 60-37-134;Timpechi.ru@yandex.ru;Россия
https://www.hhexpo.ru/company-card-26/?sendcompany=5160;TMAI HOLDING CO., LTD;http://www.tmai-cn.com;;shelley@tmai-cn.com;Китай
https://www.hhexpo.ru/company-card-26/?sendcompany=5576;TOMATO;https://expo-retail.ru;;;Китай
https://www.hhexpo.ru/company-card-26/?sendcompany=5304;VINICOLE ELECTRICAL APPLIANCE CO., LTD;http://www.vinicolecellar.net;8 933 000 006  ;Mandy@vinicolecellar.com;Китай
https://www.hhexpo.ru/company-card-26/?sendcompany=5187;VINOPRO APPLIANCES CO., LTD;http://www.vinopro.cn;86 075 727 689 780  ;csm@vinopro.cn;Китай
https://www.hhexpo.ru/company-card-26/?sendcompany=5241;Wanfo (Shenzhen) Intelligent Technology Co., Ltd;http://www.ivamvo.com;;james@wanfoprojector.com;Китай
https://www.hhexpo.ru/company-card-26/?sendcompany=5192;WENZHOU CHENZHAN TRADING CO., LTD;http://www.aokeco.com;8 613 867 709 456  ;aoke@vip.163.com;Китай
https://www.hhexpo.ru/company-card-26/?sendcompany=5157;Wenzhou Hegle import & export Co., Ltd;http://www.yeepul.com;8 613 575 437 285  ;amy@yeepul.com;Китай
https://www.hhexpo.ru/company-card-26/?sendcompany=5266;WENZHOU SHENYUAN ELECTRICAL APPLIANCE CO., LTD;http://www.shenyuanelectric.en.alibaba.com;706 695 065  ;amy@shenyuan-china.com;Китай
https://www.hhexpo.ru/company-card-26/?sendcompany=5139;Wenzhou Songling Healthcare Equipment Co., Ltd;http://wzsongling.1688.com;8 618 966 299 568  ;Songling2003@qq.com;Китай
https://www.hhexpo.ru/company-card-26/?sendcompany=5156;Wenzhou Tianze Gift&Craft Co., Ltd;http://tzcraft.en.alibaba.com;;jack@tzcraft.com;Китай
https://www.hhexpo.ru/company-card-26/?sendcompany=5232;WENZHOU ZHIMAI ELECTRONIC TECHNOLOGY CO., LTD;http://www.zmindcn.com;750 901 882  ;Tracy@zmindcn.com;Китай
https://www.hhexpo.ru/company-card-26/?sendcompany=5240;Willque (HK) Development Ltd;http://www.willque.com;852-3460 3881;jerry@willque.cn;Китай
https://www.hhexpo.ru/company-card-26/?sendcompany=5285;WUWEI (NINGBO) INTELLIGENT TECHNOLOGY CO., LTD;http://www.nbwuwei.com;;cherry.gu@nbwuwei.com;Китай
https://www.hhexpo.ru/company-card-26/?sendcompany=5307;Wuxi Shangjiesi Cleaning Products Co., Ltd;http://www.shangjiesi.cn;;yufantangjie@163.com;Китай
https://www.hhexpo.ru/company-card-26/?sendcompany=5283;WUYI JUCHENG INDUSTRY AND TRADE CO., LTD;http://sales5@joy-cooker.com www.leadonex.com;858 910 202  ;sale@joy-cooker.com;Китай
https://www.hhexpo.ru/company-card-26/?sendcompany=5150;WUYI SHUANGLICUP CO., LTD;http://www.shuanglicup.com;8 613 429 085 594  ;Shuangli08@shuanglicup.com;Китай
https://www.hhexpo.ru/company-card-26/?sendcompany=5209;XIAMEN EMOKA HEALTH&SCIENCE TECHNOLOGY CO., LTD;http://www.emoka.cn;8 613 205 921 887  ;cassie@emoka.cn;Китай
https://www.hhexpo.ru/company-card-26/?sendcompany=5219;Xiamen Yeasincere Industrial Corporation;https://expo-retail.ru/catalog-company/xiamen-yeasincere-industrial-corporation;8 050 094 760  ;ys08@yeasincere.com;Китай
https://www.hhexpo.ru/company-card-26/?sendcompany=5248;Yangjiang Damingli Industrial and Trade Co., Ltd;;;;Китай
https://www.hhexpo.ru/company-card-26/?sendcompany=5144;YANGJIANG HONGLE INDUSTRY AND TRADE CO., LTD;http://www.yjhole.com;;kangle@yjhole.com;Китай
https://www.hhexpo.ru/company-card-26/?sendcompany=5164;YANGJIANG JIADEFU KITCHEN INDUSTRY Co., LTD;http://www.yjkitchentool.1688.com;86 013 926 320 113  ;66783215@qq.com;Китай
https://www.hhexpo.ru/company-card-26/?sendcompany=5308;Yangjiang Xiongang Industry & Trade Co., Ltd;http://www.outdoor-bbq.com;;yannie@kitchen-manage.com;Китай
https://www.hhexpo.ru/company-card-26/?sendcompany=5162;Yangjiang Yangdong Jude Household Goods Co., LTD;http://toencounter.en.alibaba.com;8 613 018 515 306  ;yangjiangjude@163.com;Китай
https://www.hhexpo.ru/company-card-26/?sendcompany=5097;Yangjiang Yuyang Houseware Co., Ltd;http://yjmt.en.alibaba.com;8 618 688 354 440  ;sales4@yjmingtai.com;Китай
https://www.hhexpo.ru/company-card-26/?sendcompany=5013;Yappy Pet;http://yappy.pet;7-915-385-34-96;Yappypet@mergoo.ru;Россия
https://www.hhexpo.ru/company-card-26/?sendcompany=5173;YIWU DSP ELECTRIC APPLIANCE CO., LTD;http://www.dsplife.net;8 757 871 912  ;865290049@qq.com;Китай
https://www.hhexpo.ru/company-card-26/?sendcompany=5295;YIWU HAOZHAN IMPORT AND EXPORT CO., LTD;https://expo-retail.ru/catalog-company/yiwu-haozhan-import-and-export-co-ltd;8 614 757 755 922  ;984661666@qq.com;Китай
https://www.hhexpo.ru/company-card-26/?sendcompany=5096;Yiwu Ningxin Daily Commodity Co., Ltd;http://zhejiangyidian.en.alibaba.com;8 617 857 907 036  ;ciaran_liujunwu@outlook.com;Китай
https://www.hhexpo.ru/company-card-26/?sendcompany=5152;YONGKANG XKING IMPORT AND EXPORT CO., LTD;http://www.chinaxking.com;;admin@chinaxking.com;Китай
https://www.hhexpo.ru/company-card-26/?sendcompany=5298;YUYAO CHENGWEN HARDWARE PRODUCTS CO., LTD;https://expo-retail.ru/catalog-company/yuyao-chengwen-hardware-products-co-ltd;736 166 388  ;fumaiexp@163.com;Китай
https://www.hhexpo.ru/company-card-26/?sendcompany=5212;YUYAO MINGSHUO INTELLIGENT TECHNOLOGY CO., LTD;http://www.yymszn.com;7 857 661 429  ;Cassie@yymszn.com;Китай
https://www.hhexpo.ru/company-card-26/?sendcompany=5074;ZELIM;http://zelim.su;89 894 565 797  ;info.zelim@gmail.com;Россия
https://www.hhexpo.ru/company-card-26/?sendcompany=5195;ZHAOQING CITY ECOWARE KITCHENWARE TECHNOLOGY CO., LTD;http://www.ecoware-ind.com;8 613 802 468 041  ;davidye@ecoware-ind.com;Китай
https://www.hhexpo.ru/company-card-26/?sendcompany=5176;ZHEJIANG DONGYI MAGNETIC CO., LTD;https://expo-retail.ru/catalog-company/zhejiang-dongyi-magnetic-co-ltd;8 615 068 975 901  ;sales17@zjdycy.com;Китай
https://www.hhexpo.ru/company-card-26/?sendcompany=5236;Zhejiang Hisun Electrical Appliance Co., Ltd;http://www.cn-hisun.com;;sales@zhejiang-hisun.com.cn;Китай
https://www.hhexpo.ru/company-card-26/?sendcompany=5137;Zhejiang Mustang Battery CO., Ltd;http://www.mustangbattery.com;867 302 153  ;william@mustangbattery.com;Китай
https://www.hhexpo.ru/company-card-26/?sendcompany=5135;ZHEJIANG SELIYA PLASTIC CO., LTD;http://www.seliya.cn;736 221 759  ;elina@seliya.cn;Китай
https://www.hhexpo.ru/company-card-26/?sendcompany=5292;ZHEJIANG SENLING ELECTRONICS TECHNOLOGY CO., LTD;;8 618 767 121 647  ;tobey@snnlnn.cn;Китай
https://www.hhexpo.ru/company-card-26/?sendcompany=5151;ZHEJIANG SHENGLU KITCHENWARE CO., LTD;http://www.zjshenglu.com;;sl3@zjshenglu.com;Китай
https://www.hhexpo.ru/company-card-26/?sendcompany=5146;ZHEJIANG VICKY HOUSEHOLD CO., LTD;http://www.cnvkint.com;8 258 998 656  ;brenda@vkintgroup.com;Китай
https://www.hhexpo.ru/company-card-26/?sendcompany=5155;ZHEJIANG YUERAN HOME FURNISHINGS CO., LTD;http://www.zgyueran.com;8 696 993 008  ;yueran@yelran.com;Китай
https://www.hhexpo.ru/company-card-26/?sendcompany=5297;ZHEJIANG YUSEN HYGIENE PRODUCTS CO., LTD;http://www.globalwetwipes.com;8 669 717 215  ;SALES@HZYUSEN.COM;Китай
https://www.hhexpo.ru/company-card-26/?sendcompany=5231;Zhejiang Zhaori Silicone Technology Co., Ltd;http://www.chinazhaori.com;858 663 996  ;jason@chinazhaori.com;Китай
https://www.hhexpo.ru/company-card-26/?sendcompany=5222;ZHONG SHAN CANNY ELECTRONICS CO., LTD;http://www.cannyscale.com;8 685 337 671  ;841969384@qq.com;Китай
https://www.hhexpo.ru/company-card-26/?sendcompany=5226;ZHONG SHAN HAOQI ELECTRICAL APPLIANCE CO., LTD;http://www.zshaoqicorp.com;708 801 635  ;843470865@qq.com;Китай
https://www.hhexpo.ru/company-card-26/?sendcompany=5289;Zhongshan Aouball Electric Appliances Co., Ltd;http://www.aouball.com;760-23115602;daniel@aouball.com;Китай
https://www.hhexpo.ru/company-card-26/?sendcompany=5171;Zhongshan Aozhuo Electrical Technology Co., Ltd;http://www. gdoutrip.com;760-89998950;milly.ruan@gdoutrip.com;Китай
https://www.hhexpo.ru/company-card-26/?sendcompany=5223;ZHONGSHAN BOWEN HOME APPLIANCE CO., LTD;;8 613 380 879 666  ;linda@zsbowen.cn;Китай
https://www.hhexpo.ru/company-card-26/?sendcompany=5175;ZHONGSHAN DAPAI MIRROR CO., LTD;http://www.dpledmirror.com;8 613 713 729 685  ;anniezhang@jydmirror.com;Китай
https://www.hhexpo.ru/company-card-26/?sendcompany=5258;ZHONGSHAN EASTAR GROUP CO., LTD;http://www.globaleastar.com;760-87926150;mktc@globaleastar.com;Китай
https://www.hhexpo.ru/company-card-26/?sendcompany=5293;ZHONGSHAN GUANGLING NEW ELECTRICAL CO., LTD;http://www.guangling.com.cn www.dewest.com.cn;;137536116@qq.com;Китай
https://www.hhexpo.ru/company-card-26/?sendcompany=5143;ZHONGSHAN NARDEA ELECTRICAL TECHNOLOGY CO., LTD;http://nardea.en.alibaba.com/zh_CN;8 618 988 588 197  ;sales09@nardea.com;Китай
https://www.hhexpo.ru/company-card-26/?sendcompany=5218;ZHONGSHAN STARMY APPLIANCES CO., LIMITED;http://www.starmy.com.cn;8 618 938 792 853  ;18938792853@qq.com;Китай
https://www.hhexpo.ru/company-card-26/?sendcompany=5246;Zhongshan Vanhong Electrical Technology Co., Ltd;http://www.vanhong.net;;mkt4@vanhong.net;Китай
https://www.hhexpo.ru/company-card-26/?sendcompany=5270;ZHONGSHAN VINOPETRUS TECHNOLOGY CO., LTD;;8 933 000 039  ;james@vinkko.com;Китай
https://www.hhexpo.ru/company-card-26/?sendcompany=5247;ZHONGSHAN YINGTENG ELECTRIC APPLIANCE PRODUCTS CO., LTD;http://cnyingteng.en.alibaba.com;;1362700754@qq.com;Китай
https://www.hhexpo.ru/company-card-26/?sendcompany=5126;ZHONGSHAN YINU ELECTRIC APPLIANCE CO., LTD;http://shop7744i39844856.1688.com;8 615 876 011 970  ;13705871429@163.com;Китай
https://www.hhexpo.ru/company-card-26/?sendcompany=5257;ZHONGSHAN YUCHI METAL CO., LTD;http://sourcing.hktdc.com/en/Supplier-Store/Home/Yuchi-international-Industrial-Co-Limited/1X0974N1;8 617 688 131 915  ;vivian_lee@zsyuchi.com;Китай
https://www.hhexpo.ru/company-card-26/?sendcompany=5208;ZHUHAI ECARE ELECTRONIC TECHNOLOGY COMPANY LIMITED;http://www.zhecare.com;756-6809380;Sales5@zhecare.com;Китай
https://www.hhexpo.ru/company-card-26/?sendcompany=5199;ZHUOZHOU SHENGYUAN HOUSEHOLD PRODUCTS CO., LTD;https://expo-retail.ru/catalog-company/zhuozhou-shengyuan-household-products-co-ltd;;mao@shengyunamachinery.com;Китай
https://www.hhexpo.ru/company-card-26/?sendcompany=5034;Азалия-Декор;http://www.azaliadecor.ru;74 957 776 660  ;marketing@azaliadecor.ru;Россия
https://www.hhexpo.ru/company-card-26/?sendcompany=5009;АЗИЯ САД;http://www.asia-sad.ru;79 296 600 678  ;azia-sad@yandex.ru;Россия
https://www.hhexpo.ru/company-card-26/?sendcompany=5033;АКВАПЛАСТ;http://www.zavod-akvaplast.ru;8-800-550-10-36;Gidroplastik2019@mail.ru;Россия
https://www.hhexpo.ru/company-card-26/?sendcompany=5040;АЛЬМ ФАЗА;http://alm-faza.ru;79 169 702 179  ;marketer@alm-faza.ru;Россия
https://www.hhexpo.ru/company-card-26/?sendcompany=5035;АННА ЛАФАРГ;http://www.annalafarg.ru;7 (495) 234 61 64;info@annalafarg.ru;Россия
https://www.hhexpo.ru/company-card-26/?sendcompany=5024;БашПечи;http://bashpechi.ru;89 962 902 607  ;bp.opt@mail.ru;Россия
https://www.hhexpo.ru/company-card-26/?sendcompany=5002;БЕЗАНТ Группа компаний;http://bezant.ru;7 (495) 230 30 63;info@bezant.ru;Россия
https://www.hhexpo.ru/company-card-26/?sendcompany=5085;БЕСТ ПАПИР;http://www.besttissue.ru;7 (496) 551 81 27;OK@besttissue.ru;Россия
https://www.hhexpo.ru/company-card-26/?sendcompany=5025;БизнесПласт;http://www.supermould.ru;89 896 020 338  ;info@supermould.ru;Россия
https://www.hhexpo.ru/company-card-26/?sendcompany=5028;Борисовский завод «Металлист»;;7 (903) 190 43 97;rusmarket@gala.by;Беларусь
https://www.hhexpo.ru/company-card-26/?sendcompany=5015;Брестский радиотехнический завод;http://www.brtz.by;375 162 34-12-66;sbyt@brtz.by;Беларусь
https://www.hhexpo.ru/company-card-26/?sendcompany=5065;Вилсен групп;http://www.vilsen.ru;7 (495) 642-70-36;Lunev@vilsen.ru;Россия
https://www.hhexpo.ru/company-card-26/?sendcompany=5042;Винтора;http://vintora-shop.ru;79 902 787 691  ;ceo@vintora-shop.ru;Россия
https://www.hhexpo.ru/company-card-26/?sendcompany=5022;ВудГрупп ММ;http://woodgroupmm.by;75 293 706 270  ;msn310779@mail.ru;Беларусь
https://www.hhexpo.ru/company-card-26/?sendcompany=5061;ГАММА-ПЛАСТ;http://gamma-plast.ru;7 (495) 348-22-91;info@gamma-plast.ru;Россия
https://www.hhexpo.ru/company-card-26/?sendcompany=5082;ГОШКА (ИП Семенов Д.В.);https://http;7(910) 200-84-27;semenovdv@rambler.ru;Россия
https://www.hhexpo.ru/company-card-26/?sendcompany=5017;Губа;http://www.dekoev.ru;79 263 200 550  ;79263200550@ya.ru;Россия
https://www.hhexpo.ru/company-card-26/?sendcompany=5062;ДЖИ ЭР ЭР ГРУПП;http://flexxess.ru;79 600 474 968  ;sales@grrgroup.ru;Россия
https://www.hhexpo.ru/company-card-26/?sendcompany=5008;ЕВРОСТЕК ГРУПП;http://www.eurostek-group.ru;7 (495) 121-70-75;info@eurostek-group.ru;Россия
https://www.hhexpo.ru/company-card-26/?sendcompany=5059;Екуд;http://ekud.ru;79 273 052 727  ;ekudopt@yandex.ru;Россия
https://www.hhexpo.ru/company-card-26/?sendcompany=5083;ЗООПОИНТ;;79 202 871 718  ;Info-zoopoint@yandex.ru;Россия
https://www.hhexpo.ru/company-card-26/?sendcompany=5081;ИП Никишина Г.В.;;7 910 202 43-03;Glina-galina@yandex.ru;Россия
https://www.hhexpo.ru/company-card-26/?sendcompany=5030;ИТАЛТЕКС ТК;http://www.italtex.ru;7(495)775-84-15;info@italtex.ru;Россия
https://www.hhexpo.ru/company-card-26/?sendcompany=5084;КАТРИНА;http://teplomaxx.com/;8(4862)54-30-30;sales@teplomaxx.com;Россия
https://www.hhexpo.ru/company-card-26/?sendcompany=5048;КЕДР плюс;http://kedrplus.ru;8-800-234-66-88;kedr@formatltd.ru;Россия
https://www.hhexpo.ru/company-card-26/?sendcompany=5026;Клео;http://panda-samurai.ru;79 285 600 000  ;panda-samurai.ru@mail.ru;Россия
https://www.hhexpo.ru/company-card-26/?sendcompany=5043;Компания АЗУР;http://www.yorkru.ru;7 (495) 128-94-00;york@yorkru.ru;Россия
https://www.hhexpo.ru/company-card-26/?sendcompany=5052;Компания ВУДИНИ;;7 (967) 119-79-97;woodiny@mail.ru;Россия
https://www.hhexpo.ru/company-card-26/?sendcompany=5006;Компания Развития Торговли Узбекистан;;;;Узбекистан
https://www.hhexpo.ru/company-card-26/?sendcompany=5019;КУРСКПРОМТЕХ;http://Kursk-granul.ru;79 513 152 826  ;Kurskie-46@inbox.ru;Россия
https://www.hhexpo.ru/company-card-26/?sendcompany=5038;ЛАВРИЯ (Абразивные Технологии, ООО);http://www.lavriapro.ru;;office@lavriapro.ru;Россия
https://www.hhexpo.ru/company-card-26/?sendcompany=5018;ЛеКаТур;https://expo-retail.ru/catalog-company/lekatur;7 915 067-36-37;lekatyr@bk.ru;Россия
https://www.hhexpo.ru/company-card-26/?sendcompany=5057;Лекс-С;http://www.lex-s.ru;7 (495)787-35-55;sale@lex-s.ru;Россия
https://www.hhexpo.ru/company-card-26/?sendcompany=5067;ЛМР Пласт;http://FIMAKO.RU;;info@fimako.ru;Россия
https://www.hhexpo.ru/company-card-26/?sendcompany=5031;МАКНОТ;http://www.maknot.com;8 (800) 222-22-44;dv@maknot.com;Россия
https://www.hhexpo.ru/company-card-26/?sendcompany=5010;Маремьяна;http://www.maremyana.ru;79 030 025 501  ;marudolf@mail.ru;Россия
https://www.hhexpo.ru/company-card-26/?sendcompany=5078;МЕТКОМ ШУЙСКАЯ ПОСУДА;http://www. metposuda.com;79 106 801 136  ;Profil37@yandex.ru;Россия
https://www.hhexpo.ru/company-card-26/?sendcompany=5070;МИНСКИЙ ЗАВОД «ТЕРМОПЛАСТ»;https://expo-retail.ru/catalog-company/minskii-zavod-termoplast;75 445 858 662  ;marketing@oaotermoplast.byhttps;Беларусь
https://www.hhexpo.ru/company-card-26/?sendcompany=5027;Мировой Корабль (SOFROM);http://www.sofromgroup.com;79 859 186 660  ;Xu-lingzhe@mail.ru;Россия
https://www.hhexpo.ru/company-card-26/?sendcompany=5046;МопэксБел;http://www.mopexbel.by;75 293 401 382  ;sales@mopexbel.by;Беларусь
https://www.hhexpo.ru/company-card-26/?sendcompany=5060;Мультидом Трейдинг;http://www.multidom.ru;7(495)258-68-67;info@multidom.ru;Россия
https://www.hhexpo.ru/company-card-26/?sendcompany=5474;НАША БАТАРЕЙКА;http://nashabatareyka.ru;7 (800) 700-09-16;info@nashabatareyka.ru;Россия
https://www.hhexpo.ru/company-card-26/?sendcompany=5079;Новая Линия;http://www.bq.ru;7 (800) 500 32 90;pr@nlgsm.ru;Россия
https://www.hhexpo.ru/company-card-26/?sendcompany=5023;НПК Пожхимзащита;https://expo-retail.ru/catalog-company/pozhkhimzashchita-npk;7 (495) 540-50-37;shans@npk-phz.ruwww.npk-phz.ru;Россия
https://www.hhexpo.ru/company-card-26/?sendcompany=5072;ОБНОВИ!;https://expo-retail.ru/catalog-company/obnovi;79 137 940 178  ;Shiryaev.ya@gmail.com;Россия
https://www.hhexpo.ru/company-card-26/?sendcompany=5039;Огниво-трейд;https://expo-retail.ru/catalog-company/ognivo-treid-ooo;7 495 902-58-24;info@ol.com.ruol.com.ru;Россия
https://www.hhexpo.ru/company-card-26/?sendcompany=5041;Пластик Репаблик;http://www.plastic-repablic.ru;7 (495) 153-02-81;sales@plastic-republic.ru;Россия
https://www.hhexpo.ru/company-card-26/?sendcompany=5047;Полесье;http://www.polesie-toys.com;375-16-42-77-0;office@polesie-toys.com;Беларусь
https://www.hhexpo.ru/company-card-26/?sendcompany=5094;ПРАЙД;http://gubkipride.ru;7(8412)49-61-33;Pnz.pride@gmail.com;Россия
https://www.hhexpo.ru/company-card-26/?sendcompany=5049;Промышленная группа «ЛИНРОГ;http://лзсф.рф, lzbt.ru;;sale@lpec.ru;Россия
https://www.hhexpo.ru/company-card-26/?sendcompany=5053;Расчёска.ру – оптовая компания;http://rascheska.ru;7 (916) 555-11-11;shop@rascheska.ru;Россия
https://www.hhexpo.ru/company-card-26/?sendcompany=5001;Рестовар;http://restoware.ru;7 (926) 636-0888;info@restoware.ru;Россия
https://www.hhexpo.ru/company-card-26/?sendcompany=5032;Риникс;http://www.marvelgroup.ru;;riniks@marvelgroup.ru;Россия
https://www.hhexpo.ru/company-card-26/?sendcompany=5029;Русская Свечная Мануфактура;http://www.rcmcandles.ru;7 (495) 225-50-21;sales@rcmcandles.ru;Россия
https://www.hhexpo.ru/company-card-26/?sendcompany=5044;РХС-Групп;http://drevius.ru;79 219 046 721  ;rhs-group@mail.ru;Россия
https://www.hhexpo.ru/company-card-26/?sendcompany=5050;Самсон, Группа компаний;http://www.samsonopt.ru;;vrn@samsonopt.ru;Россия
https://www.hhexpo.ru/company-card-26/?sendcompany=5467;Северная мануфактура;https://expo-retail.ru/catalog-company/ooo-cever;7 (8182) 46-08-82;info@nordfactory.ru;Россия
https://www.hhexpo.ru/company-card-26/?sendcompany=5437;СЕРВЕР;http://www.querico.be;84 956 280 850  ;om@vigar-russia.ru;Россия
https://www.hhexpo.ru/company-card-26/?sendcompany=5075;Следопыт;;;;Россия
https://www.hhexpo.ru/company-card-26/?sendcompany=5011;ТАМБОВКОНСЕРВ;http://www.tk68.ru;79 106 550 008  ;tambovkonserv@mail.ru;Россия
https://www.hhexpo.ru/company-card-26/?sendcompany=5014;Технологии Холода 2000;http://www.cooltech2000.ru;7(495)737-36-09;zakaz@cooltech2000.ru;Россия
https://www.hhexpo.ru/company-card-26/?sendcompany=5091;ТПК РОСТИ;;861) 279-00-74;info@tpkrosti.rutpkrosti.ru;Россия
https://www.hhexpo.ru/company-card-26/?sendcompany=5021;Урман;;;;Россия
https://www.hhexpo.ru/company-card-26/?sendcompany=5045;Фабрика грунтов;;7 (800) 707 69 55;info@fabrikagruntov.ryhttps;Россия
https://www.hhexpo.ru/company-card-26/?sendcompany=5004;ШЕФ;http://www.lindd.ru;;info@1chef.ru;Россия
https://www.hhexpo.ru/company-card-26/?sendcompany=5055;ЭУР-МЕД;https://expo-retail.ru/catalog-company/eur-med;74 963 411 690  ;info@eurmed.ru;Россия
