яЯШКЙЮ;мЮГБЮМХЕ;яЮИР;рЕКЕТНМ;Email
"https://www.heatpower-expo.ru/ru-RU/about/exhibitor-list.aspx";"реокнналем";"www.ttai.ru";"";"teploobmen@ttai.ru"
"https://www.heatpower-expo.ru/ru-RU/about/exhibitor-list.aspx";"уя-мюсйю, юн";"www.hs-nauka.ru";"";"hsn@hs-nauka.ru"
"https://www.heatpower-expo.ru/ru-RU/about/exhibitor-list.aspx";"юццпейн ебпюгхъ";"www.aggreko-eurasia.ru";"";"info@aggreko-eurasia.ru"
"https://www.heatpower-expo.ru/ru-RU/about/exhibitor-list.aspx";"янхя йнмяюкр, ннн";"www.sois-consulting.ru";"";"sois@mail.ru"
"https://www.heatpower-expo.ru/ru-RU/about/exhibitor-list.aspx";"яепбхя чмхр";"www.servunit.ru";"";"sales@servunit.ru"
"https://www.heatpower-expo.ru/ru-RU/about/exhibitor-list.aspx";"рлу, юн";"www.tmholding.ru";"";"info@tmholding.ru"
"https://www.heatpower-expo.ru/ru-RU/about/exhibitor-list.aspx";"охй ъпдхгекэ, ннн";"www.ymzmotor.ru/ustanovki";"";"motor_ymz@ymzmotor.ru "
"https://www.heatpower-expo.ru/ru-RU/about/exhibitor-list.aspx";"пря, ннн";"www.rts-turbo.ru";"";"info@rts-turbo.ru"
"https://www.heatpower-expo.ru/ru-RU/about/exhibitor-list.aspx";"юкэтю-дхгекэ, ннн";"www.alpha-diesel.ru";"";"info@alpha-diesel.ru"
"https://www.heatpower-expo.ru/ru-RU/about/exhibitor-list.aspx";"кхнпю щмепдфх, ннн";"www.lioraenergy.ru";"";"info@lioraenergy.ru"
"https://www.heatpower-expo.ru/ru-RU/about/exhibitor-list.aspx";"дбя пеяспя";"www.dvsr.ru";"";"dvsr@dvsr.ru"
"https://www.heatpower-expo.ru/ru-RU/about/exhibitor-list.aspx";"TEPLO";"www.teplo.es";"";"info@teplo-power.ru"
"https://www.heatpower-expo.ru/ru-RU/about/exhibitor-list.aspx";"ярюпнпсяопханп";"www.staroruspribor.ru";"";"zavod@staroruspribor.ru"
"https://www.heatpower-expo.ru/ru-RU/about/exhibitor-list.aspx";"реуопнл";"www.plastina-i-rezina.ru";"";"zakaz@teplo.sale"
"https://www.heatpower-expo.ru/ru-RU/about/exhibitor-list.aspx";"ойт ряй, ннн";"www.pkftsk.ru";"";"pkf79@pkftsk.ru"
"https://www.heatpower-expo.ru/ru-RU/about/exhibitor-list.aspx";"анпю";"www.ЙНФСУ31.ru";"";"skbora@yandex.ru"
"https://www.heatpower-expo.ru/ru-RU/about/exhibitor-list.aspx";"бюкдейя щмепцерхйю";"www.valdex-energetica.com";"";"info@valdex-energetica.com"
"https://www.heatpower-expo.ru/ru-RU/about/exhibitor-list.aspx";"бюпл, ннн";"www.warmphe.ru";"";"info@warmphe.ru"
"https://www.heatpower-expo.ru/ru-RU/about/exhibitor-list.aspx";"цкхмюп, ннн";"www.glinar.ru";"";"rm@glinar.ru; info@glinar.ru"
"https://www.heatpower-expo.ru/ru-RU/about/exhibitor-list.aspx";"люьхлощйя, ннн";"www.mashimpeks.ru";"";"moscow@mashimpeks.ru"
"https://www.heatpower-expo.ru/ru-RU/about/exhibitor-list.aspx";"регю-ярпни";"www.teza33.ru";"";"teza@teza33.ru"
"https://www.heatpower-expo.ru/ru-RU/about/exhibitor-list.aspx";"йхпнбяйхе йнркш";"www.ЙХПНБЯЙХЕ-ЙНРКШ.ПТ";"";"kir.kotel@mail.ru"
"https://www.heatpower-expo.ru/ru-RU/about/exhibitor-list.aspx";"плщ √ пюяопедекеммюъ цемепюжхъ";"www.rumenergo.ru";"";"mailbox@rumenergo.ru"
"https://www.heatpower-expo.ru/ru-RU/about/exhibitor-list.aspx";"цемлюяреп";"www.genmaster.ru";"";"info@genmaster.ru"
"https://www.heatpower-expo.ru/ru-RU/about/exhibitor-list.aspx";"хмреу, ннн";"www.inteh-power.ru";"";"inf@inteh-power.ru"
"https://www.heatpower-expo.ru/ru-RU/about/exhibitor-list.aspx";"RODVIG";"www.rodvig.ru";"";"info@rodvig.ru"
"https://www.heatpower-expo.ru/ru-RU/about/exhibitor-list.aspx";"щлхя, юн";"www.emis-kip.ru";"";"marketing@emis-kip.ru"
"https://www.heatpower-expo.ru/ru-RU/about/exhibitor-list.aspx";"юцсмю реокн, ннн";"www.agyna.ru";"";"info@agyna.ru"
"https://www.heatpower-expo.ru/ru-RU/about/exhibitor-list.aspx";"лхр оюсщп яхяреля";"www.mitps.ru";"";"info@mitps.ru"
"https://www.heatpower-expo.ru/ru-RU/about/exhibitor-list.aspx";"йнлопеяянплюь он, юн";"www.novotekpnz.ru";"";"sales14@tdpkm.ru"
"https://www.heatpower-expo.ru/ru-RU/about/exhibitor-list.aspx";"POWERLINK ENERGY SH CO.,LTD";"www.powerlinkenergy.com";"";"info@powerlinkenergy.com"
"https://www.heatpower-expo.ru/ru-RU/about/exhibitor-list.aspx";"цхдпнонрнй, ннн";"www.gidropotok.ru";"";"info@gidropotok.ru"
"https://www.heatpower-expo.ru/ru-RU/about/exhibitor-list.aspx";"IBMM | TECHNOLOGY";"www.ibmm.ru";"";"sales@ibmm.ru"
"https://www.heatpower-expo.ru/ru-RU/about/exhibitor-list.aspx";"юйяхнм-ункдхмц, хфебяйхи лнрнгюбнд";"www.axion.ru; www.testeplo.ru";"";"zakaz@testeplo.ru; office@axion.ru"
"https://www.heatpower-expo.ru/ru-RU/about/exhibitor-list.aspx";"пм-ялюгнвмше люрепхюкш, ннн";"www.rosneft-lubricants.ru";"";"hotline@rosneft.ru"
"https://www.heatpower-expo.ru/ru-RU/about/exhibitor-list.aspx";"щйнухлреу";"ЩЙНТЩЯ.ПТ";"";"zakaz@ecochemtech.ru"
"https://www.heatpower-expo.ru/ru-RU/about/exhibitor-list.aspx";"хмтхмхр цпсо";"www.bacparts.ru; www.infiniteflow.ru";"";"info@infinit-group.ru"
"https://www.heatpower-expo.ru/ru-RU/about/exhibitor-list.aspx";"яхкнбше яхярелш";"www.powerenergysystems.com";"";"sale@ssystems.pro"
"https://www.heatpower-expo.ru/ru-RU/about/exhibitor-list.aspx";"юбнй";"www.abok.ru";"";"abok@abok.ru"
"https://www.heatpower-expo.ru/ru-RU/about/exhibitor-list.aspx";"лнрнпбепй-яцс, ннн";"www.motorwerk-sgu.ru";"";"info@motorwerk-sgu.ru"
"https://www.heatpower-expo.ru/ru-RU/about/exhibitor-list.aspx";"WUXI ZOZEN BOILERS CO., LTD";"www.zozen.com";"";"jessica.liu@zozen.com"
"https://www.heatpower-expo.ru/ru-RU/about/exhibitor-list.aspx";"пюйха";"www.racib.com";"";"sociomas@yandex.ru"
"https://www.heatpower-expo.ru/ru-RU/about/exhibitor-list.aspx";"CHANGSHA U1 TECHNOLOGY CO., LTD";"";"";"genset@u1power.com"
"https://www.heatpower-expo.ru/ru-RU/about/exhibitor-list.aspx";"KANGAO RADIATOR CO.,LTD";"www.kasrq.com";"";"sophiayangzb911@163.com"
"https://www.heatpower-expo.ru/ru-RU/about/exhibitor-list.aspx";"XINXIANG FAST  POWER EQUIPMENT CO., LTD";"www.hn-fast.com";"";"736132086@qq.com"
"https://www.heatpower-expo.ru/ru-RU/about/exhibitor-list.aspx";"цеплея, опнлшькеммюъ цпсоою";"www.hermes-industries.ru";"";"info@hermes-industries.ru"
"https://www.heatpower-expo.ru/ru-RU/about/exhibitor-list.aspx";"йхпщи йелхйюк, ннн";"www.kirei-chemical.ru";"";"info@kirei-chemical.com"
"https://www.heatpower-expo.ru/ru-RU/about/exhibitor-list.aspx";"опнярнлюимхмц ноепюрнп";"www.prostomining.com";"";"operator@prostomining.com"
"https://www.heatpower-expo.ru/ru-RU/about/exhibitor-list.aspx";"хлоскэя хмфхмхпхмц";"www.impulse-mining.com";"";"impuls138@yandex.ru"
"https://www.heatpower-expo.ru/ru-RU/about/exhibitor-list.aspx";"яюпщмепцнлюь, юн";"www.sarzem.ru";"";"info@sarzem.ru"
"https://www.heatpower-expo.ru/ru-RU/about/exhibitor-list.aspx";"оерепаспцяйюъ50, ннн";"www.1vat.ru";"";"vat@1vat.ru"
"https://www.heatpower-expo.ru/ru-RU/about/exhibitor-list.aspx";"щкей.пс";"www.elec.ru";"";"v.matveeva@elec-co.ru"
"https://www.heatpower-expo.ru/ru-RU/about/exhibitor-list.aspx";"SHANDONG SUPERMALY GENERATING EQUIPMENT CO., LTD.";"www.ensupermaly.com";"";"wanglina@supermaly.com"
"https://www.heatpower-expo.ru/ru-RU/about/exhibitor-list.aspx";"ол";"www.pulsarmining.ru";"";"sale@pulsarmining.ru"
"https://www.heatpower-expo.ru/ru-RU/about/exhibitor-list.aspx";"бхйепя";"www.mrcan.ru";"";"mrcan.mos@mail.ru"
"https://www.heatpower-expo.ru/ru-RU/about/exhibitor-list.aspx";"щлр, ннн";"www.energymotortech.ru";"";"info@energymotortech.ru"
"https://www.heatpower-expo.ru/ru-RU/about/exhibitor-list.aspx";"янй √ фспмюк яюмреумхйю, нрнокемхе, йнмдхжхнмхпнбюмхе";"www.c-o-k.ru";"";"media@mediatechnology.ru"
"https://www.heatpower-expo.ru/ru-RU/about/exhibitor-list.aspx";"WINCHAIN";"www.winchain.ae";"";"info@winchain.ae"
"https://www.heatpower-expo.ru/ru-RU/about/exhibitor-list.aspx";"юлоепхйю";"www.amperika.com";"";"director@amperika.com"
"https://www.heatpower-expo.ru/ru-RU/about/exhibitor-list.aspx";"LUBRIGARD";"www.lubrigard.ru";"";""
"https://www.heatpower-expo.ru/ru-RU/about/exhibitor-list.aspx";"юмрюпея, ннн";"www.antares-spb.ru";"";"info@antares-spb.ru"
"https://www.heatpower-expo.ru/ru-RU/about/exhibitor-list.aspx";"YUCHAI POWER CO.,LTD";"";"";""
"https://www.heatpower-expo.ru/ru-RU/about/exhibitor-list.aspx";"щмепцнхммнбюжхъ, юяянжхюжхъ хммнбюжхнммшу опедопхърхи б щмепцерхйе";"www.ЩМЕПЦНХММНБЮЖХЪ.ПТ";"";" smirnov@energoinnovation.org"
"https://www.heatpower-expo.ru/ru-RU/about/exhibitor-list.aspx";"опнтщмепцн";"www.sale-energy.ru";"";"info@sale-energo.ru"
"https://www.heatpower-expo.ru/ru-RU/about/exhibitor-list.aspx";"ьюмэдсм аюивем леуюмхйн-щкейрпхвеяйне нанпсднбюмхе, ннн";"www.bcgf.cc";"";"info@bcgf.cc"
"https://www.heatpower-expo.ru/ru-RU/about/exhibitor-list.aspx";"HASHRATE";"www.hashrate.ru";"";"hashrate.global@gmail.com"
"https://www.heatpower-expo.ru/ru-RU/about/exhibitor-list.aspx";"церюяхй, ннн";"www.miningmoon.ru";"";"getasic@list.ru "
"https://www.heatpower-expo.ru/ru-RU/about/exhibitor-list.aspx";"R7MINER";"www.r7miner.com/contact";"";"info@r7miner.ru"
"https://www.heatpower-expo.ru/ru-RU/about/exhibitor-list.aspx";"йпхорнгюбнд";"www.procripto.net";"";"info@procripto.net"
"https://www.heatpower-expo.ru/ru-RU/about/exhibitor-list.aspx";"юяянжхюжхъ люкни щмепцерхйх";"www.energo-union.com/ru";"";"energo@energo-union.com"
