Название;Ссылка
"""Компания «Энтадж Аль-Нахиль» по производству""";https://exhibitors-itegroup.exhibitoronlinemanual.com/worldfood-moscow-2025/ru/Exhibitor/ExbDetails/NDgzNA==
"""Финикл Сити"" превращается в ""меха-лимитед""";https://exhibitors-itegroup.exhibitoronlinemanual.com/weldex-2025/ru/Exhibitor/ExbDetails/NTc4Mg==
1С:Aprel Soft;https://exhibitors-itegroup.exhibitoronlinemanual.com/analitika-expo-2025/ru/Exhibitor/ExbDetails/NTE1
2БРАТА ЗА ОЛИВКИ;https://exhibitors-itegroup.exhibitoronlinemanual.com/worldfood-moscow-2025/ru/Exhibitor/ExbDetails/MjQ3Ng==
A&B VIET NAM;https://exhibitors-itegroup.exhibitoronlinemanual.com/worldfood-moscow-2025/ru/Exhibitor/ExbDetails/NTA2OA==
A90B;https://exhibitors-itegroup.exhibitoronlinemanual.com/analitika-expo-2025/ru/Exhibitor/ExbDetails/NTMw
AARAMBH FOOD EXPORT;https://exhibitors-itegroup.exhibitoronlinemanual.com/worldfood-moscow-2025/ru/Exhibitor/ExbDetails/NjY3MA==
ABDULXAMID-HOJIOTA ЧП;javascript:void(0)
Abhyuday Industries;https://exhibitors-itegroup.exhibitoronlinemanual.com/worldfood-moscow-2025/ru/Exhibitor/ExbDetails/Njc2Mw==
Acebright Group;https://exhibitors-itegroup.exhibitoronlinemanual.com/pharmtech-and-ingredients-2025/ru/Exhibitor/ExbDetails/ODQ4Mg==
ACLIMA;https://exhibitors-itegroup.exhibitoronlinemanual.com/pharmtech-and-ingredients-2025/ru/Exhibitor/ExbDetails/MTU4OQ==
Adam Fabriwerk Pvt. Ltd.;https://exhibitors-itegroup.exhibitoronlinemanual.com/pharmtech-and-ingredients-2025/ru/Exhibitor/ExbDetails/NDQ2Ng==
ADASI GROUP SDN BHD;https://exhibitors-itegroup.exhibitoronlinemanual.com/worldfood-moscow-2025/ru/Exhibitor/ExbDetails/MjQ5MQ==
ADD- ME Food Industries;https://exhibitors-itegroup.exhibitoronlinemanual.com/worldfood-moscow-2025/ru/Exhibitor/ExbDetails/NTEyOA==
ADL;javascript:void(0)
ADOR WELDING LIMITED;https://exhibitors-itegroup.exhibitoronlinemanual.com/weldex-2025/ru/Exhibitor/ExbDetails/NTEyMg==
Advanta;javascript:void(0)
Advent Chembio Pvt. Ltd.;https://exhibitors-itegroup.exhibitoronlinemanual.com/analitika-expo-2025/ru/Exhibitor/ExbDetails/MjAz
AEROGROUP;javascript:void(0)
Aerostroy;javascript:void(0)
AFINE CHEMICALS LIMITED;javascript:void(0)
Agricultural and Processed Food Products Export Development Auth;https://exhibitors-itegroup.exhibitoronlinemanual.com/worldfood-moscow-2025/ru/Exhibitor/ExbDetails/MzE2MQ==
AGRIVOLGA;javascript:void(0)
AGRO EXPERT GROUP;https://exhibitors-itegroup.exhibitoronlinemanual.com/yugagro-2025/ru/Exhibitor/ExbDetails/NDAwNw==
