Ññûëêà;Íàçâàíèå;Ñàéò;Òåëåôîí;Email
"https://reg.huntfishexpo.ru/e-catalogue/2026/view?idExh=37&action=detail&ident=4345";"ÏÔ «Áåğåã»";"https://bereg-ekat.ru";"+7 800 333-76-91";"sale@pfbereg.ru"
"https://reg.huntfishexpo.ru/e-catalogue/2026/view?idExh=37&action=detail&ident=4116";"ABC-FISHING";"http://www.abc-fishing.ru";"+79265301051";"abc-fishing@mail.ru"
"https://reg.huntfishexpo.ru/e-catalogue/2026/view?idExh=37&action=detail&ident=4393";"ACID NATURAL";"";"";""
"https://reg.huntfishexpo.ru/e-catalogue/2026/view?idExh=37&action=detail&ident=4407";"AKME FISHING";"https://akmefishing.ru";"+79219510094";"akme70@mail.ru"
"https://reg.huntfishexpo.ru/e-catalogue/2026/view?idExh=37&action=detail&ident=4392";"AQUATIC";"";"";""
"https://reg.huntfishexpo.ru/e-catalogue/2026/view?idExh=37&action=detail&ident=4155";"Argentum Fishing";"http://www.argentum-fishing.ru";"";"optmoscow@argentum-fishing.ru"
"https://reg.huntfishexpo.ru/e-catalogue/2026/view?idExh=37&action=detail&ident=4552";"ARPIL";"https://vk.link/arpil";"+79044223335";""
"https://reg.huntfishexpo.ru/e-catalogue/2026/view?idExh=37&action=detail&ident=4389";"ASV-CODE";"";"";""
"https://reg.huntfishexpo.ru/e-catalogue/2026/view?idExh=37&action=detail&ident=4120";"AVI-OUTDOOR";"http://www.avi-outdoor.com";"+7 (812) 309 10 70";"avi-spb@yandex.ru"
"https://reg.huntfishexpo.ru/e-catalogue/2026/view?idExh=37&action=detail&ident=4308";"BAIKAL PT";"https://baikal-pt.ru";"+7 (926) 076-96-26";"info@baikal-pt.ru"
"https://reg.huntfishexpo.ru/e-catalogue/2026/view?idExh=37&action=detail&ident=4169";"BERKUT.SHOP";"http://www.berkut-compressor.ru";"+74957100778";"Support@tany.ru"
"https://reg.huntfishexpo.ru/e-catalogue/2026/view?idExh=37&action=detail&ident=4114";"BIG GAME";"";"";""
"https://reg.huntfishexpo.ru/e-catalogue/2026/view?idExh=37&action=detail&ident=4387";"BOATMAN";"";"";""
"https://reg.huntfishexpo.ru/e-catalogue/2026/view?idExh=37&action=detail&ident=4402";"BRIALLIN";"";"";""
"https://reg.huntfishexpo.ru/e-catalogue/2026/view?idExh=37&action=detail&ident=4561";"BRO";"https://broboats.ru";"+79281818150";""
"https://reg.huntfishexpo.ru/e-catalogue/2026/view?idExh=37&action=detail&ident=4569";"BROWKA";"https://browkafish.ru";"";""
"https://reg.huntfishexpo.ru/e-catalogue/2026/view?idExh=37&action=detail&ident=4115";"CADENCE";"https://cadence.fishing";"+7 (963) 995-51-15";"Info@cadencefishing.ru"
"https://reg.huntfishexpo.ru/e-catalogue/2026/view?idExh=37&action=detail&ident=4176";"CAMINUS";"https://caminus.com";"+79879396363";"caminsalesgood@gmail.com"
"https://reg.huntfishexpo.ru/e-catalogue/2026/view?idExh=37&action=detail&ident=4129";"CARPHUNTER";"http://carphunter.ru";"+79066074566";"s-fish31@yandex.ru"
"https://reg.huntfishexpo.ru/e-catalogue/2026/view?idExh=37&action=detail&ident=4586";"CARPLAB";"";"";""
"https://reg.huntfishexpo.ru/e-catalogue/2026/view?idExh=37&action=detail&ident=4388";"CARPTODAY";"https://carptodayshop.ru";"+79268105544";"info@carptodayshop.ru"
"https://reg.huntfishexpo.ru/e-catalogue/2026/view?idExh=37&action=detail&ident=4298";"Daiyin Group - Shandong Yiwei Apparel Co.Ltd";"http://WWW.DAIYIN.COM";"";"david@yiweiapparel.com"
"https://reg.huntfishexpo.ru/e-catalogue/2026/view?idExh=37&action=detail&ident=4302";"Danyang Mimir Outdoor";"";"";""
"https://reg.huntfishexpo.ru/e-catalogue/2026/view?idExh=37&action=detail&ident=4296";"Danyang Zhulin Outdoor Products Co, Ltd.";"https://zloutdoor.en";"8021570999";"shirley@zhulinoutdoor.com"
"https://reg.huntfishexpo.ru/e-catalogue/2026/view?idExh=37&action=detail&ident=4419";"Discoveryopt";"https://discoveryopt.ru";"+79285544440";"info@discoveryopt.ru"
"https://reg.huntfishexpo.ru/e-catalogue/2026/view?idExh=37&action=detail&ident=4137";"DUBNABAITS";"";"";""
"https://reg.huntfishexpo.ru/e-catalogue/2026/view?idExh=37&action=detail&ident=4109";"DUCK MANIA";"http://northway.com";"+79811112050";"info@northway.com.ru"
"https://reg.huntfishexpo.ru/e-catalogue/2026/view?idExh=37&action=detail&ident=4161";"DUNAEV";"http://ya.ru";"88002224430";"yestepan@ya.ru"
"https://reg.huntfishexpo.ru/e-catalogue/2026/view?idExh=37&action=detail&ident=4092";"ECOFISH";"";"";""
"https://reg.huntfishexpo.ru/e-catalogue/2026/view?idExh=37&action=detail&ident=4559";"EDITEX";"http://www.editex.ru";"7 499 678 31 31";"alexandr@editex.ru"
"https://reg.huntfishexpo.ru/e-catalogue/2026/view?idExh=37&action=detail&ident=4549";"Eleven Lures";"https://11lures.ru";"+7 929 695 0110";"11lures@internet.ru"
"https://reg.huntfishexpo.ru/e-catalogue/2026/view?idExh=37&action=detail&ident=4099";"ExpertTex";"https://expert-tex.ru";"+7 (968) 805-19-06";"hellinmay@expert-tex.ru"
"https://reg.huntfishexpo.ru/e-catalogue/2026/view?idExh=37&action=detail&ident=4384";"EXTREME FISHING";"https://extremefishing.ru";"+79197230234";"info@extremefishing.ru"
"https://reg.huntfishexpo.ru/e-catalogue/2026/view?idExh=37&action=detail&ident=4178";"F-FISHING";"https://f-fishing.com";"8 (800) 551-09-94";"admin@f-fishing.com"
"https://reg.huntfishexpo.ru/e-catalogue/2026/view?idExh=37&action=detail&ident=4119";"FANTOM";"https://fantomforce.ru";"+7 (343) 379-64-79";"sale@fantomforce.ru"
"https://reg.huntfishexpo.ru/e-catalogue/2026/view?idExh=37&action=detail&ident=4158";"Fish Games";"https://fish-games.ru";"+79272151149";"fishgamestlt@gmail.com"
"https://reg.huntfishexpo.ru/e-catalogue/2026/view?idExh=37&action=detail&ident=4382";"FISH SEASON";"https://fishsezon.ru";"+79911251751";""
"https://reg.huntfishexpo.ru/e-catalogue/2026/view?idExh=37&action=detail&ident=4153";"FishCrystal";"https://fishcrystal.ru/?ysclid=m7fs6o3bp697591423";"";"rusak_70@mail.ru"
"https://reg.huntfishexpo.ru/e-catalogue/2026/view?idExh=37&action=detail&ident=4395";"FISHERMAN";"https://fishfm.ru";"+79145426330";"samsonitm@mail.ru"
"https://reg.huntfishexpo.ru/e-catalogue/2026/view?idExh=37&action=detail&ident=4394";"FISHING BAND";"http://fishingband.ru";"+78006004125";"4398589@gmail.com"
"https://reg.huntfishexpo.ru/e-catalogue/2026/view?idExh=37&action=detail&ident=4130";"FISHKIT";"";"";""
"https://reg.huntfishexpo.ru/e-catalogue/2026/view?idExh=37&action=detail&ident=4398";"FISHLANDIA";"";"";""
"https://reg.huntfishexpo.ru/e-catalogue/2026/view?idExh=37&action=detail&ident=4156";"Fishmagnet";"http://fishmagnet.by";"+375292302891";"info@fishmagnet.by"
"https://reg.huntfishexpo.ru/e-catalogue/2026/view?idExh=37&action=detail&ident=4177";"FISHMASTER";"https://catfishmaster.ru";"+79917472264";"info@catfishmaster.ru"
"https://reg.huntfishexpo.ru/e-catalogue/2026/view?idExh=37&action=detail&ident=4170";"FLINC";"http://flinc-shop.ru";"+7 (921) 644-15-81";"info-zakar@mail.ru"
"https://reg.huntfishexpo.ru/e-catalogue/2026/view?idExh=37&action=detail&ident=4172";"FOLK FISHING";"http://folkfishing.ru";"";"rodbelyaev@mail.ru"
"https://reg.huntfishexpo.ru/e-catalogue/2026/view?idExh=37&action=detail&ident=4347";"Force Time";"https://force-time.ru";"+7 (800) 775-60-04";"saleschief@force-time.ru"
"https://reg.huntfishexpo.ru/e-catalogue/2026/view?idExh=37&action=detail&ident=4171";"FORTIS";"http://flinc-shop.ru";"+7 (921) 644-15-81";"info-zakar@mail.ru"
"https://reg.huntfishexpo.ru/e-catalogue/2026/view?idExh=37&action=detail&ident=4323";"FREESEA";"";"";""
"https://reg.huntfishexpo.ru/e-catalogue/2026/view?idExh=37&action=detail&ident=4354";"FUSION FISHING";"https://fusion-fishing.ru";"+79036603333";"info@fusion-fishing.ru"
"https://reg.huntfishexpo.ru/e-catalogue/2026/view?idExh=37&action=detail&ident=4411";"GAMAKATSU";"";"";""
"https://reg.huntfishexpo.ru/e-catalogue/2026/view?idExh=37&action=detail&ident=4358";"GAOKSA";"";"";""
"https://reg.huntfishexpo.ru/e-catalogue/2026/view?idExh=37&action=detail&ident=4410";"GBS BAITS";"https://gbsbaits.ru";"+79997210111";"opt@gbsbaits.ru"
"https://reg.huntfishexpo.ru/e-catalogue/2026/view?idExh=37&action=detail&ident=4367";"GLADIATOR (ÎÎÎ &quot;ÌÄÂ Ãğóïï&quot;)";"https://gladiatorboat.ru";"8 800 777 31 26";"sale@gladiatorboat.com"
"https://reg.huntfishexpo.ru/e-catalogue/2026/view?idExh=37&action=detail&ident=4325";"GOLFSTREAM";"https://golfstream-marine.ru";"+79635667603";"opt1@golfstream-marine.ru"
"https://reg.huntfishexpo.ru/e-catalogue/2026/view?idExh=37&action=detail&ident=4406";"GURZA";"http://gurza-hooks.ru";"+79371010314";"opt@gurza-hooks.ru"
"https://reg.huntfishexpo.ru/e-catalogue/2026/view?idExh=37&action=detail&ident=4380";"HANAGAL RUSSIA";"http://www.hanagal.ru";"+79859600690";"mr.dik-alexey@yandex.ru"
"https://reg.huntfishexpo.ru/e-catalogue/2026/view?idExh=37&action=detail&ident=4401";"HARLOVS";"https://harlovs.ru";"+74959098010";"sharapov@harlovs.ru"
"https://reg.huntfishexpo.ru/e-catalogue/2026/view?idExh=37&action=detail&ident=4512";"HUT";"";"";""
"https://reg.huntfishexpo.ru/e-catalogue/2026/view?idExh=37&action=detail&ident=4415";"Ice Cube";"";"";""
"https://reg.huntfishexpo.ru/e-catalogue/2026/view?idExh=37&action=detail&ident=4312";"KAZGOOSE. STEPOK";"";"";""
"https://reg.huntfishexpo.ru/e-catalogue/2026/view?idExh=37&action=detail&ident=4128";"KIMOTO";"https://vk.com/kimotofish";"+7 (936) 232-88-83";""
"https://reg.huntfishexpo.ru/e-catalogue/2026/view?idExh=37&action=detail&ident=4135";"KOVEA";"http://www.kovea.ru";"+74957612952";"info@activera.ru"
"https://reg.huntfishexpo.ru/e-catalogue/2026/view?idExh=37&action=detail&ident=4535";"Leader";"";"";""
"https://reg.huntfishexpo.ru/e-catalogue/2026/view?idExh=37&action=detail&ident=4557";"LEDER TOP ÌÀÑÒÅĞ";"";"";""
"https://reg.huntfishexpo.ru/e-catalogue/2026/view?idExh=37&action=detail&ident=4391";"LION BAITS";"";"";""
"https://reg.huntfishexpo.ru/e-catalogue/2026/view?idExh=37&action=detail&ident=4292";"LOTUS INDUSTRIES (XIAMEN) IMPORT &amp; EXPORT CO., LTD";"http://www.ruilong-outdoor.com";"";"rocky@ruilong-outdoor.com"
"https://reg.huntfishexpo.ru/e-catalogue/2026/view?idExh=37&action=detail&ident=4475";"Master-Fish.KZ";"https://master-fish.kz";"+77781478088";"info@bigcatch.kz"
"https://reg.huntfishexpo.ru/e-catalogue/2026/view?idExh=37&action=detail&ident=4357";"MEDNOVTEX";"";"";""
"https://reg.huntfishexpo.ru/e-catalogue/2026/view?idExh=37&action=detail&ident=4526";"MIMICRYA";"";"";""
"https://reg.huntfishexpo.ru/e-catalogue/2026/view?idExh=37&action=detail&ident=4476";"MINOGA";"https://minoga.ru";"+7(495) 150-77-69";"info@minoga.ru"
"https://reg.huntfishexpo.ru/e-catalogue/2026/view?idExh=37&action=detail&ident=4386";"MIXFISH";"http://mixfish.pro";"+79884773087";"Tipfeder@yandex.ru"
"https://reg.huntfishexpo.ru/e-catalogue/2026/view?idExh=37&action=detail&ident=4362";"NABIL BAY";"https://ecolager.ru";"+79610089212";""
"https://reg.huntfishexpo.ru/e-catalogue/2026/view?idExh=37&action=detail&ident=4537";"NAUTILUS";"";"";""
"https://reg.huntfishexpo.ru/e-catalogue/2026/view?idExh=37&action=detail&ident=4375";"NICRON";"";"";""
"https://reg.huntfishexpo.ru/e-catalogue/2026/view?idExh=37&action=detail&ident=4378";"NITECORE";"";"";""
"https://reg.huntfishexpo.ru/e-catalogue/2026/view?idExh=37&action=detail&ident=4126";"NORMARK";"";"";""
"https://reg.huntfishexpo.ru/e-catalogue/2026/view?idExh=37&action=detail&ident=4396";"OLTA";"";"";""
"https://reg.huntfishexpo.ru/e-catalogue/2026/view?idExh=37&action=detail&ident=4123";"ONLYSPIN";"";"";""
"https://reg.huntfishexpo.ru/e-catalogue/2026/view?idExh=37&action=detail&ident=4326";"OSCAR DECOYS";"http://www.ballistik.su";"8(800)3339213";"info@ballistik.su"
"https://reg.huntfishexpo.ru/e-catalogue/2026/view?idExh=37&action=detail&ident=4458";"OVMBULAVA.RU";"";"";""
"https://reg.huntfishexpo.ru/e-catalogue/2026/view?idExh=37&action=detail&ident=4385";"PELORUS";"https://pelorus.ru";"+79370422033";"info@pelorus.ru"
"https://reg.huntfishexpo.ru/e-catalogue/2026/view?idExh=37&action=detail&ident=4122";"PRAKTIK PRO";"https://praktik.pro";"+78422424602";"info@praktik.pro"
"https://reg.huntfishexpo.ru/e-catalogue/2026/view?idExh=37&action=detail&ident=4175";"PRO ANGLERS LEAGUE";"https://proanglers.ru";"";""
"https://reg.huntfishexpo.ru/e-catalogue/2026/view?idExh=37&action=detail&ident=4534";"PROFI-KNIFE";"http://WWW.PROFI-KNIFE.RU";"+74954951001";"dvortsov@profi-knife.ru"
"https://reg.huntfishexpo.ru/e-catalogue/2026/view?idExh=37&action=detail&ident=4090";"PYRAMEX";"https://pmx-rus.ru";"+7 909 951-97-15";"pyramex@mail.ru"
"https://reg.huntfishexpo.ru/e-catalogue/2026/view?idExh=37&action=detail&ident=4529";"RAUFGUN";"";"+79286217227";"cnc-laser@mail.ru"
"https://reg.huntfishexpo.ru/e-catalogue/2026/view?idExh=37&action=detail&ident=4554";"REDAN";"https://redan.ru";"+79098224040";"info@redan.ru"
"https://reg.huntfishexpo.ru/e-catalogue/2026/view?idExh=37&action=detail&ident=4381";"RIVER VIBE";"";"";""
"https://reg.huntfishexpo.ru/e-catalogue/2026/view?idExh=37&action=detail&ident=4369";"ROGER";"https://roger-boat.ru";"+7 (800) 707-79-49";"info@roger-boat.ru"
"https://reg.huntfishexpo.ru/e-catalogue/2026/view?idExh=37&action=detail&ident=4140";"RSK-FISHING";"http://rsk-fishing.ru";"8927 7968 327";"robertsk@yandex.ru"
"https://reg.huntfishexpo.ru/e-catalogue/2026/view?idExh=37&action=detail&ident=4399";"RUNAEV";"";"";""
"https://reg.huntfishexpo.ru/e-catalogue/2026/view?idExh=37&action=detail&ident=4356";"SailMaster";"https://sail-master.ru";"+7 921 421-18-99";"info@sail-master.ru"
"https://reg.huntfishexpo.ru/e-catalogue/2026/view?idExh=37&action=detail&ident=4167";"SALMO GROUP";"https://salmoru.com";"+7(495)223-55-01";"info@salmoru.com"
"https://reg.huntfishexpo.ru/e-catalogue/2026/view?idExh=37&action=detail&ident=4467";"SchoolHanter";"";"";""
"https://reg.huntfishexpo.ru/e-catalogue/2026/view?idExh=37&action=detail&ident=4546";"SEANOVO";"";"";""
"https://reg.huntfishexpo.ru/e-catalogue/2026/view?idExh=37&action=detail&ident=4297";"Shanghai Huangjie Outboard Equipment Co., Ltd.";"http://www.shanghaihuangjie.com";"";""
"https://reg.huntfishexpo.ru/e-catalogue/2026/view?idExh=37&action=detail&ident=4124";"SHOP-FISHING";"http://Shop-fishing.ru";"+79639633510";"vzheleztcov@yandex.ru"
"https://reg.huntfishexpo.ru/e-catalogue/2026/view?idExh=37&action=detail&ident=4420";"SINA Gear";"http://sinagear.ru";"8 (812) 237-33-10";"sales@sinagear.com"
"https://reg.huntfishexpo.ru/e-catalogue/2026/view?idExh=37&action=detail&ident=4543";"SPARKCELL - ëèòèåâûå ñèñòåìû";"https://sparkcell.ru";"+79857401333";"info@sparkcell.ru"
"https://reg.huntfishexpo.ru/e-catalogue/2026/view?idExh=37&action=detail&ident=4335";"SPASS";"http://www.spass";"89100900207";"spass33@yandex.ru"
"https://reg.huntfishexpo.ru/e-catalogue/2026/view?idExh=37&action=detail&ident=4151";"Sport RB";"https://sportrb.by";"+37529-566-61-64";"sportrb.fishing@gmail.com"
"https://reg.huntfishexpo.ru/e-catalogue/2026/view?idExh=37&action=detail&ident=4408";"SPRUT";"";"";""
"https://reg.huntfishexpo.ru/e-catalogue/2026/view?idExh=37&action=detail&ident=4578";"STALKER-FISH.RU";"http://STALKER-FISH.RU";"+79276324976";"prof-met2000@yandex.ru"
"https://reg.huntfishexpo.ru/e-catalogue/2026/view?idExh=37&action=detail&ident=4293";"Stermay Industrial Limited";"http://R.China";"";"sda@stermay.com"
"https://reg.huntfishexpo.ru/e-catalogue/2026/view?idExh=37&action=detail&ident=4300";"Suzhou Pinzheng Textile Garment Co., Ltd";"https://www.aliexpress.com/store/1102857042";"814826777";"pinzhengwan@163.com"
"https://reg.huntfishexpo.ru/e-catalogue/2026/view?idExh=37&action=detail&ident=4299";"Svega Industrial Co.,Ltd";"https://www.svegaoutdoor.com";"829874165";"bella@svegaltd.com"
"https://reg.huntfishexpo.ru/e-catalogue/2026/view?idExh=37&action=detail&ident=4574";"Technoboat";"https://lodka-msk.ru";"+79267121009";"Vkostenko2000@mail.ru"
"https://reg.huntfishexpo.ru/e-catalogue/2026/view?idExh=37&action=detail&ident=4121";"TM WERWOLF";"https://www.werwolf66.ru";"+78005007490";"info@werwolf66.ru"
"https://reg.huntfishexpo.ru/e-catalogue/2026/view?idExh=37&action=detail&ident=4159";"TOURIST";"http://www.tourist.ru";"+7 (423) 248-59-45";"info@tourist.ru"
"https://reg.huntfishexpo.ru/e-catalogue/2026/view?idExh=37&action=detail&ident=4337";"TRITONGEAR";"https://tritongear.ru";"+7 (495) 445-00-01";"zakaz@tritongear.ru"
"https://reg.huntfishexpo.ru/e-catalogue/2026/view?idExh=37&action=detail&ident=4104";"TSPROF";"https://ytprof.ru";"+79038880812";"zirov3737@mail.ru"
"https://reg.huntfishexpo.ru/e-catalogue/2026/view?idExh=37&action=detail&ident=4157";"Tula-SF";"http://tula-sf.ru";"+79264840224";"tula-sf@yandex.ru"
"https://reg.huntfishexpo.ru/e-catalogue/2026/view?idExh=37&action=detail&ident=4317";"TZR";"https://cheb.zavod";"8 (800) 222-36-68";"sale@rusich.team"
"https://reg.huntfishexpo.ru/e-catalogue/2026/view?idExh=37&action=detail&ident=4373";"UCHUR";"";"";""
"https://reg.huntfishexpo.ru/e-catalogue/2026/view?idExh=37&action=detail&ident=4165";"UF STUDIO";"";"";""
"https://reg.huntfishexpo.ru/e-catalogue/2026/view?idExh=37&action=detail&ident=4324";"V&amp;S GROUP RUSSIA";"";"";""
"https://reg.huntfishexpo.ru/e-catalogue/2026/view?idExh=37&action=detail&ident=4147";"VINOGRAD FISHING";"";"";""
"https://reg.huntfishexpo.ru/e-catalogue/2026/view?idExh=37&action=detail&ident=4568";"VIZAVI";"";"";""
"https://reg.huntfishexpo.ru/e-catalogue/2026/view?idExh=37&action=detail&ident=4093";"VYDRA";"https://www.vydra-russia.ru";"8 (800) 302-66-92";"info@vydra-russia.ru"
"https://reg.huntfishexpo.ru/e-catalogue/2026/view?idExh=37&action=detail&ident=4291";"Weihai Blue Bay Outdoor Product Co., Ltd";"http://www.bluebay-outdoor.com";"";"bleubay01@bluebayoutdoor.com"
"https://reg.huntfishexpo.ru/e-catalogue/2026/view?idExh=37&action=detail&ident=4294";"Weihai Dafang Marine Co.,Ltd";"http://www.china-yacht.cn";"8615588381167";"info@dafangoutdoors.com"
"https://reg.huntfishexpo.ru/e-catalogue/2026/view?idExh=37&action=detail&ident=4541";"YAMARINE (ÎÎÎ ßìàğèíå ĞÓÑ)";"http://Yamarine.ru";"88004444316";"sale@yamarine-outboard.ru"
"https://reg.huntfishexpo.ru/e-catalogue/2026/view?idExh=37&action=detail&ident=4301";"YANGJIANG GRAND HARVEST INDUSTRIAL CO., LTD.";"http://www.ghknife.com";"8825170358";"ken@ghknife.com"
"https://reg.huntfishexpo.ru/e-catalogue/2026/view?idExh=37&action=detail&ident=4295";"Yongkang Manqili Industrial and Trade Co., Ltd";"http://1688.com/page/index.htm?spm=a2615.27861609.wp_pc_common_topnav.0";"8105882602";"sales@cntianhou.com"
"https://reg.huntfishexpo.ru/e-catalogue/2026/view?idExh=37&action=detail&ident=4333";"ZLENCE";"";"";""
"https://reg.huntfishexpo.ru/e-catalogue/2026/view?idExh=37&action=detail&ident=4351";"ÀÂÀÍÒÌÀĞÊÅÒ";"https://avantmarket.ru";"+7 (499) 553 04 15";"b2b_marketolog@avantmarket.ru"
"https://reg.huntfishexpo.ru/e-catalogue/2026/view?idExh=37&action=detail&ident=4138";"ÀÂÒÎĞÑÊÈÅ ÏĞÈÌÀÍÊÈ";"";"";""
"https://reg.huntfishexpo.ru/e-catalogue/2026/view?idExh=37&action=detail&ident=4133";"ÀÃĞÎ-ÇĞÊ";"http://www.agrozrk.ru";"+79268109508";"agrozrk@mail.ru"
"https://reg.huntfishexpo.ru/e-catalogue/2026/view?idExh=37&action=detail&ident=4181";"ÀÄÀÌ";"http://mail.ru";"+7 985 784-43-36";"fish_kvok@mail.ru"
"https://reg.huntfishexpo.ru/e-catalogue/2026/view?idExh=37&action=detail&ident=4316";"ÀÇÎÒ ÍÏÔ";"http://www.azotstore.ru";"+7(495) 995-12-85";"svod.18@yandex.ru"
"https://reg.huntfishexpo.ru/e-catalogue/2026/view?idExh=37&action=detail&ident=4125";"ÀÊÂÀÒÎĞÈß ÑÏÈÍÍÈÍÃÀ";"http://www.akvaspin.ru";"";"sales@fishing-shop.ru"
"https://reg.huntfishexpo.ru/e-catalogue/2026/view?idExh=37&action=detail&ident=4471";"Àêñåññóàğû äëÿ îõîòû";"";"";""
"https://reg.huntfishexpo.ru/e-catalogue/2026/view?idExh=37&action=detail&ident=4432";"Àëåêñàíäğîâ Â.À.";"";"";""
"https://reg.huntfishexpo.ru/e-catalogue/2026/view?idExh=37&action=detail&ident=4162";"ÀËËÈÃÀÒÎĞ";"";"";""
"https://reg.huntfishexpo.ru/e-catalogue/2026/view?idExh=37&action=detail&ident=4371";"ÀĞÊÒÈÊÀ";"";"";""
"https://reg.huntfishexpo.ru/e-catalogue/2026/view?idExh=37&action=detail&ident=4532";"Àğğåäî Õàğèçìà";"https://arredocarisma.ru";"+74952480668";"arredocarisma.ru@gmail.com"
"https://reg.huntfishexpo.ru/e-catalogue/2026/view?idExh=37&action=detail&ident=4374";"ÀĞÒÀÊ";"";"";""
"https://reg.huntfishexpo.ru/e-catalogue/2026/view?idExh=37&action=detail&ident=4435";"ÁÀÉÄÀÌ ÓÓÑ";"";"";""
"https://reg.huntfishexpo.ru/e-catalogue/2026/view?idExh=37&action=detail&ident=4328";"ÁÅØÅÍÛÉ ÀÏÅËÜÑÈÍ";"http://crazyorange.ru";"+79952354421";"beshapelsin@yandex.ru"
"https://reg.huntfishexpo.ru/e-catalogue/2026/view?idExh=37&action=detail&ident=4580";"ÂËÀÄÈÌÈĞÑÊÀß ÎÕÎÒÀ";"";"";""
"https://reg.huntfishexpo.ru/e-catalogue/2026/view?idExh=37&action=detail&ident=4314";"ÂÎÅÍÃĞÀÄ";"";"";""
"https://reg.huntfishexpo.ru/e-catalogue/2026/view?idExh=37&action=detail&ident=4118";"ÂÎÈÍ";"https://partner.voinmarket";"+78006001193";"marketing@voinmarket.com"
"https://reg.huntfishexpo.ru/e-catalogue/2026/view?idExh=37&action=detail&ident=4168";"ÂÎËÆÀÍÊÀ";"https://volzhankafishing.ru";"+7 916 140-25-86";"volzhankafishing@mail.ru"
"https://reg.huntfishexpo.ru/e-catalogue/2026/view?idExh=37&action=detail&ident=4152";"Âîëæñêèå ïğèìàíêè";"https://volgabaits.ru";"+79807071616";"pr@volgabaits.ru"
"https://reg.huntfishexpo.ru/e-catalogue/2026/view?idExh=37&action=detail&ident=4431";"ÂÎË×ÈÉ ÂÅÊ";"https://wolf-age.ru";"+7 (495) 797-02-10";"order@wolf-age.ru"
"https://reg.huntfishexpo.ru/e-catalogue/2026/view?idExh=37&action=detail&ident=4372";"ÂÎÑÒÎÊ-ÑÅĞÂÈÑ";"https://vostok.ru";"";"magazin@vostok.ru"
"https://reg.huntfishexpo.ru/e-catalogue/2026/view?idExh=37&action=detail&ident=4436";"Âîñòî÷íûå íîæè";"";"";""
"https://reg.huntfishexpo.ru/e-catalogue/2026/view?idExh=37&action=detail&ident=4470";"ÂÑ¨ ÄËß ÎÕÎÒÛ";"";"";""
"https://reg.huntfishexpo.ru/e-catalogue/2026/view?idExh=37&action=detail&ident=4438";"ÃÅÁÎ";"";"";""
"https://reg.huntfishexpo.ru/e-catalogue/2026/view?idExh=37&action=detail&ident=4148";"Ãèäğîïëàíêòîí";"http://gidroplankton.ru";"+79023520953";"info@gidroplankton.ru"
"https://reg.huntfishexpo.ru/e-catalogue/2026/view?idExh=37&action=detail&ident=4550";"ÃÊ &quot;ÁÀĞÑ&quot;";"";"";""
"https://reg.huntfishexpo.ru/e-catalogue/2026/view?idExh=37&action=detail&ident=4091";"Ãğóç è Ëåñêà";"http://nata.beliaeva";"89260801682";"nata.beliaeva@mail.ru"
"https://reg.huntfishexpo.ru/e-catalogue/2026/view?idExh=37&action=detail&ident=4355";"ÄÅËÎ ÒÅÕÍÈÊÈ";"http://www.delot.ru";"+74951816131";"info@delot.ru"
"https://reg.huntfishexpo.ru/e-catalogue/2026/view?idExh=37&action=detail&ident=4103";"Äåíäğîáåíà. ğóñ";"http://mail.ru";"+79267330000";"9951369@mail.ru"
"https://reg.huntfishexpo.ru/e-catalogue/2026/view?idExh=37&action=detail&ident=4102";"ÄÆÈÍÑÛ";"";"";""
"https://reg.huntfishexpo.ru/e-catalogue/2026/view?idExh=37&action=detail&ident=4528";"ÄÍÅÏĞ-ÕÎËÌ";"";"";""
"https://reg.huntfishexpo.ru/e-catalogue/2026/view?idExh=37&action=detail&ident=4416";"ÄÎÌ ËÎÑÎÑß";"http://salmonhouse.fish";"+79248940125";"salmonhousefish@yandex.ru"
"https://reg.huntfishexpo.ru/e-catalogue/2026/view?idExh=37&action=detail&ident=4111";"ÄÎÌ ĞÛÁÀÊÀ";"";"";""
"https://reg.huntfishexpo.ru/e-catalogue/2026/view?idExh=37&action=detail&ident=4343";"ÄÎÌ ÒÀÉÌÅÍß";"http://domtaimenya.ru";"+79165757777";"info@domtaimenya.ru"
"https://reg.huntfishexpo.ru/e-catalogue/2026/view?idExh=37&action=detail&ident=4563";"ÇÀÂÎÄ ÒŞÌÅÍÑÊÈÅ ÀİĞÎÇÎËÈ";"";"";""
"https://reg.huntfishexpo.ru/e-catalogue/2026/view?idExh=37&action=detail&ident=4422";"ÇÈÌÀ-ÎÕÎÒÀ";"";"";""
"https://reg.huntfishexpo.ru/e-catalogue/2026/view?idExh=37&action=detail&ident=4558";"Çëàòîóñòîâñêèé çàâîä îğóæåéíûõ ñïåöèàëèçèğîâàííûõ ñòàëåé";"";"";""
"https://reg.huntfishexpo.ru/e-catalogue/2026/view?idExh=37&action=detail&ident=4331";"ÇËÎÉ ÎÊÓÍÜ";"https://vk.ru/zloy_okun";"";""
"https://reg.huntfishexpo.ru/e-catalogue/2026/view?idExh=37&action=detail&ident=4575";"Çîëîòàÿ ğûáêà";"https://prikormka-ribka.ru";"+79189471717";"89189471717@mail.ru"
"https://reg.huntfishexpo.ru/e-catalogue/2026/view?idExh=37&action=detail&ident=4566";"ÈÏ Åâäîêèìîâ";"http://yandex.ru";"+79212573539";"ribalka35ru@yandex.ru"
"https://reg.huntfishexpo.ru/e-catalogue/2026/view?idExh=37&action=detail&ident=4361";"ÊÀÌ×ÀÒÊÀ";"http://www.kamchatka-fishing.com";"+79653607036";"Kamchatka-fishing@yandex.ru"
"https://reg.huntfishexpo.ru/e-catalogue/2026/view?idExh=37&action=detail&ident=4139";"ÊÀÑÀÒÊÀ";"http://rybalka-plus.ru";"+79272195082";"dapper-s@mail.ru"
"https://reg.huntfishexpo.ru/e-catalogue/2026/view?idExh=37&action=detail&ident=4134";"ÊÅÌÏÈÍÃ 2000";"http://camping.ru";"+7 (495) 147 00 11";"sale@camping.ru"
"https://reg.huntfishexpo.ru/e-catalogue/2026/view?idExh=37&action=detail&ident=4527";"Êåìïèíã Òóğ";"https://kempingtur.ru";"+74996136346";"info@kempingtur.ru"
"https://reg.huntfishexpo.ru/e-catalogue/2026/view?idExh=37&action=detail&ident=4342";"ÊËÓÁ ÒÀÉÌÅÍÜ";"https://taimen-klub.ru";"+79233711446";"clubtaimen@yandex.ru"
"https://reg.huntfishexpo.ru/e-catalogue/2026/view?idExh=37&action=detail&ident=4360";"ÊÎÂ×ÅÃ";"https://kovcheg-fishing.ru";"8-905-957-33-11";"kovcheg-fishing@yandex.ru"
"https://reg.huntfishexpo.ru/e-catalogue/2026/view?idExh=37&action=detail&ident=4336";"ÊÎÌÀÍÄÀ ÃÎĞÜÊÈÉ";"http://www.teamgorky.ru";"+7 831 214 3599";"adv@teamgorky.ru"
"https://reg.huntfishexpo.ru/e-catalogue/2026/view?idExh=37&action=detail&ident=4338";"Êîìïàíèÿ ÏÈÊÍÈÊ ÏÎ-ĞÓÑÑÊÈ";"http://www.ruspicnic.ru";"+79036057550";"ruspicnic@yandex.ru"
"https://reg.huntfishexpo.ru/e-catalogue/2026/view?idExh=37&action=detail&ident=4469";"ÊÎÌÔÎĞÒ";"";"";""
"https://reg.huntfishexpo.ru/e-catalogue/2026/view?idExh=37&action=detail&ident=4098";"Êîğåéñêàÿ ğûáîëîâíàÿ ôèëîñîôèÿ";"http://kfish.ru";"+79852356699";"info@kfish.ru"
"https://reg.huntfishexpo.ru/e-catalogue/2026/view?idExh=37&action=detail&ident=4429";"ÊÓÇÍÅÖ ÂßËÜÄÈÍ";"";"";""
"https://reg.huntfishexpo.ru/e-catalogue/2026/view?idExh=37&action=detail&ident=4455";"ÊÓÇÍÈÖÀ ÂÎĞÑÌÅÍÑÊÈÅ ÍÎÆÈ";"http://Knifevorsma.ru";"";"Nikelisin1980@mail.ru"
"https://reg.huntfishexpo.ru/e-catalogue/2026/view?idExh=37&action=detail&ident=4427";"ÊÓÇÍÈÖÀ ÊÎÂÀËÜ";"https://koval-knife.shop";"+79101242045";"koval-vorsma@mail.ru"
"https://reg.huntfishexpo.ru/e-catalogue/2026/view?idExh=37&action=detail&ident=4459";"ÊÓÇÍÈÖÀ ÌÅÄÂÅÄÜ";"";"";""
"https://reg.huntfishexpo.ru/e-catalogue/2026/view?idExh=37&action=detail&ident=4105";"ÊÓÇÍÈÖÀ ÍÀÇÀĞÎÂÀ Â.Â.";"";"";""
"https://reg.huntfishexpo.ru/e-catalogue/2026/view?idExh=37&action=detail&ident=4460";"ÊÓÇÍÈÖÀ ØÈØÓËÈÍÀ";"";"";""
"https://reg.huntfishexpo.ru/e-catalogue/2026/view?idExh=37&action=detail&ident=4160";"ËÅÂÅÍÃÓÊ";"https://levenhuk-opt.ru";"+7(812)325-05-02";"opt@levenhuk.com"
"https://reg.huntfishexpo.ru/e-catalogue/2026/view?idExh=37&action=detail&ident=4107";"ËÅÑÍÎÉ ÒĞÎÔÅÉ24";"http://mail.ru";"89232702929";"buma2@mail.ru"
"https://reg.huntfishexpo.ru/e-catalogue/2026/view?idExh=37&action=detail&ident=4567";"ËÎÄÊÈ ÁÀÉÊÀË";"";"";""
"https://reg.huntfishexpo.ru/e-catalogue/2026/view?idExh=37&action=detail&ident=4096";"ËÎÒÒÀ ÔÈØÈÍÃ";"";"";""
"https://reg.huntfishexpo.ru/e-catalogue/2026/view?idExh=37&action=detail&ident=4370";"ËÏÎ-ÂÅÇÄÅÕÎÄ";"https://vezdekhod.com";"+74952155454";"info@vezdekhod.com"
"https://reg.huntfishexpo.ru/e-catalogue/2026/view?idExh=37&action=detail&ident=4400";"ÌÀÃĞÈ";"";"";""
"https://reg.huntfishexpo.ru/e-catalogue/2026/view?idExh=37&action=detail&ident=4555";"ÌÀĞÊÎ";"";"";""
"https://reg.huntfishexpo.ru/e-catalogue/2026/view?idExh=37&action=detail&ident=4132";"ÌÀÑÒ.ÈÂ";"";"";""
"https://reg.huntfishexpo.ru/e-catalogue/2026/view?idExh=37&action=detail&ident=4428";"Ìàñòåğ Ñåäîâ Ñ.Ç.";"";"";""
"https://reg.huntfishexpo.ru/e-catalogue/2026/view?idExh=37&action=detail&ident=4430";"ÌÀÑÒÅĞÑÊÀß ÄßÄÈ ÃÀĞĞÈ";"";"";""
"https://reg.huntfishexpo.ru/e-catalogue/2026/view?idExh=37&action=detail&ident=4437";"ÌÀÑÒÅĞÑÊÀß ÊËÈÌÅÍÊÎ";"";"";""
"https://reg.huntfishexpo.ru/e-catalogue/2026/view?idExh=37&action=detail&ident=4465";"Ìàñòåğñêàÿ Êóçíèöà ÃîğáóíîâÚ";"";"";""
"https://reg.huntfishexpo.ru/e-catalogue/2026/view?idExh=37&action=detail&ident=4424";"ÌÀÑÒÅĞÑÊÀß Ñ¨ÌÈÍÀ";"https://semin-knife.ru";"";"sale1@semin-knife.ru"
"https://reg.huntfishexpo.ru/e-catalogue/2026/view?idExh=37&action=detail&ident=4582";"ÌÀÑÒÅĞÑÊÀß ßÑÒĞÅÁÎÂÀ";"";"";""
"https://reg.huntfishexpo.ru/e-catalogue/2026/view?idExh=37&action=detail&ident=4101";"Ìåãğà Íîğä Ôèøåğ";"https://nord-fisher.ru";"+79116564271";"habarov3@yandex.ru"
"https://reg.huntfishexpo.ru/e-catalogue/2026/view?idExh=37&action=detail&ident=4376";"ÌÅÄÈÍÒÎĞÃ";"http://medintorg.ru";"+74959212515";""
"https://reg.huntfishexpo.ru/e-catalogue/2026/view?idExh=37&action=detail&ident=4174";"ÌÈÄÀ ÃĞÓÏÏ";"https://midacompany.ru";"";""
"https://reg.huntfishexpo.ru/e-catalogue/2026/view?idExh=37&action=detail&ident=4457";"ÌÈĞ ÍÎÆÅÉ";"";"";""
"https://reg.huntfishexpo.ru/e-catalogue/2026/view?idExh=37&action=detail&ident=4477";"ÌÈĞÀÆ";"";"";""
"https://reg.huntfishexpo.ru/e-catalogue/2026/view?idExh=37&action=detail&ident=4127";"ÌÎÑÊÀÍÅËËÀ";"http://www.moscanella.ru";"+7-495-691-35-54";"office@moscanella.ru"
"https://reg.huntfishexpo.ru/e-catalogue/2026/view?idExh=37&action=detail&ident=4585";"Ìÿãêàÿ ïğèìàíêà îò ÊÀÑÏÅĞÀ";"";"";""
"https://reg.huntfishexpo.ru/e-catalogue/2026/view?idExh=37&action=detail&ident=4405";"ÍÀÀØÈ";"";"";""
"https://reg.huntfishexpo.ru/e-catalogue/2026/view?idExh=37&action=detail&ident=4309";"Íàâèãàòîğ";"";"";""
"https://reg.huntfishexpo.ru/e-catalogue/2026/view?idExh=37&action=detail&ident=4334";"ÍÀÓ×ÕÈÌÏĞÎÌ";"";"";""
"https://reg.huntfishexpo.ru/e-catalogue/2026/view?idExh=37&action=detail&ident=4353";"ÍÀØÀ ÁÀÒÀĞÅÉÊÀ";"https://nashabatareyka.ru";"+7 (800) 700-09-16";"info@nashabatareyka.ru"
"https://reg.huntfishexpo.ru/e-catalogue/2026/view?idExh=37&action=detail&ident=4327";"ÍÀØÈ ÑÀÍÈ - ÅÄÓÒ ÑÀÌÈ ÎÎÎ &quot;İÊÑÒĞÓÇÈÎÍ&quot;";"http://www.extruzion.ru";"+74959846106";"info@extruzion.ru"
"https://reg.huntfishexpo.ru/e-catalogue/2026/view?idExh=37&action=detail&ident=4533";"ÍÅÌÎËÎÒÎÊ";"";"";""
"https://reg.huntfishexpo.ru/e-catalogue/2026/view?idExh=37&action=detail&ident=4180";"ÍÎÂÈÍÊÈ ÈÇ ßÏÎÍÈÈ";"http://mail.ru";"+7 921-350-44-88";"Naezdnik89@mail.ru"
"https://reg.huntfishexpo.ru/e-catalogue/2026/view?idExh=37&action=detail&ident=4311";"ÍÎÂÎÊĞÀÑÊÀ";"http://www.novokraska.ru";"+7 (495) 015-20-56";"info@novokraska.ru"
"https://reg.huntfishexpo.ru/e-catalogue/2026/view?idExh=37&action=detail&ident=4383";"Íîâûå òåõíîëîãèè ğûáàëêè";"http://yande.ru";"+79059322052";"storm-rotator@yande.ru"
"https://reg.huntfishexpo.ru/e-catalogue/2026/view?idExh=37&action=detail&ident=4150";"Íîâûé Ãîğèçîíò";"";"";""
"https://reg.huntfishexpo.ru/e-catalogue/2026/view?idExh=37&action=detail&ident=4466";"ÍÎÆÅÂÀß ÌÀÑÒÅĞÑÊÀß 7 ÍÎÆÅÉ";"";"";""
"https://reg.huntfishexpo.ru/e-catalogue/2026/view?idExh=37&action=detail&ident=4462";"ÍÎÆÅßĞ";"http://gmail.com";"+79991399858";"kustari.f@gmail.com"
"https://reg.huntfishexpo.ru/e-catalogue/2026/view?idExh=37&action=detail&ident=4409";"ÍÕÍ×";"";"";""
"https://reg.huntfishexpo.ru/e-catalogue/2026/view?idExh=37&action=detail&ident=4413";"ÎÊÓÍÜ ÒÎĞÃÎÂÛÉ ÄÎÌ";"";"";""
"https://reg.huntfishexpo.ru/e-catalogue/2026/view?idExh=37&action=detail&ident=4179";"ÎËÒÀ";"https://www.rybolov-kem.ru";"+9059075418";"rybolov-kem@mail.ru"
"https://reg.huntfishexpo.ru/e-catalogue/2026/view?idExh=37&action=detail&ident=4433";"ÎÍÈÊÑ";"";"";""
"https://reg.huntfishexpo.ru/e-catalogue/2026/view?idExh=37&action=detail&ident=4364";"ÎÎÎ &quot;Àçèìóò Ìîòîğñ&quot;";"https://makoshark.ru";"+7 (913) 632-98-20";"gorbachev.ii@mail.ru"
"https://reg.huntfishexpo.ru/e-catalogue/2026/view?idExh=37&action=detail&ident=4403";"ÎÎÎ &quot;Âîáëåğ&quot;";"http://carpomaniya.ru";"89673043380";"roksi2000@mail.ru"
"https://reg.huntfishexpo.ru/e-catalogue/2026/view?idExh=37&action=detail&ident=4315";"ÎÎÎ &quot;Âîåíãğàä&quot;";"https://voengrad.by";"+375 29 304 7992";"voengrad@gmail.com"
"https://reg.huntfishexpo.ru/e-catalogue/2026/view?idExh=37&action=detail&ident=4417";"ÎÎÎ &quot;Èğàèäà-Òóğ&quot;";"http://bazakaray.ru";"+79371277070";"info@deltavolga.com"
"https://reg.huntfishexpo.ru/e-catalogue/2026/view?idExh=37&action=detail&ident=4329";"ÎÎÎ &quot;ÍÏÏ Àäìèğàë&quot;";"https://admiral-ufa.ru";"+79639068777";"zavod@admiral-ufa.ru"
"https://reg.huntfishexpo.ru/e-catalogue/2026/view?idExh=37&action=detail&ident=4544";"ÎÎÎ &quot;Ïîñòîÿëûé äâîğ&quot;";"http://big-salmon.ru";"+79294586007";"mail@big-salmon.ru"
"https://reg.huntfishexpo.ru/e-catalogue/2026/view?idExh=37&action=detail&ident=4418";"ÎÎÎ &quot;Ñåâåğíîå ñèÿíèå&quot;";"http://rsp-outdoors.ru";"";"alex.rspoutdoors@gmail.com"
"https://reg.huntfishexpo.ru/e-catalogue/2026/view?idExh=37&action=detail&ident=4313";"ÎÎÎ &quot;ÑÅËËÅĞ&quot;";"https://grill-city.ru";"88007003223";"ooo.seller.n1@gmail.com"
"https://reg.huntfishexpo.ru/e-catalogue/2026/view?idExh=37&action=detail&ident=4456";"ÎÎÎ &quot;Ôîğòóíà Ä2&quot;";"https://noks24.ru";"+7 (999) 590-20-96";"dep2vknife@yandex.ru"
"https://reg.huntfishexpo.ru/e-catalogue/2026/view?idExh=37&action=detail&ident=4305";"ÎÎÎ 3Ò ÃËÎÁÀË";"http://funwateroutdoor.ru";"+7 985 334 0111";"sales.ru@funwateroutdoor.com"
"https://reg.huntfishexpo.ru/e-catalogue/2026/view?idExh=37&action=detail&ident=4565";"ÎÎÎ «ÑÎÊÎË»";"";"";""
"https://reg.huntfishexpo.ru/e-catalogue/2026/view?idExh=37&action=detail&ident=4564";"ÎÎÎ ÒÄ &quot;Ïîëèìåğëèñò&quot;";"http://www.polimerlist.com";"+79856655591";"zakuppnd@list.ru"
"https://reg.huntfishexpo.ru/e-catalogue/2026/view?idExh=37&action=detail&ident=4097";"ÎÎÎ ÒÅÕÍÎÊÀÌ";"";"";""
"https://reg.huntfishexpo.ru/e-catalogue/2026/view?idExh=37&action=detail&ident=4414";"ÎÒÊ ÑÒÀÍÄÀĞÒ";"https://oqun.ru";"+7 (903) 799-21-04";"otkstandart@mail.ru"
"https://reg.huntfishexpo.ru/e-catalogue/2026/view?idExh=37&action=detail&ident=4089";"ÎÕÎÒÀÊÒÈÂ";"https://ohotaktiv.ru";"8 800 700-82-56";"info@ohotaktiv.ru"
"https://reg.huntfishexpo.ru/e-catalogue/2026/view?idExh=37&action=detail&ident=4108";"ÏÀÒĞÈÎÒ";"http://list.ru";"+79176359808";"lodka73manager@list.ru"
"https://reg.huntfishexpo.ru/e-catalogue/2026/view?idExh=37&action=detail&ident=4349";"ÏÅĞÃÀÌÀ";"";"";""
"https://reg.huntfishexpo.ru/e-catalogue/2026/view?idExh=37&action=detail&ident=4547";"ÏÈËÈÃĞÈÌ";"";"";""
"https://reg.huntfishexpo.ru/e-catalogue/2026/view?idExh=37&action=detail&ident=4423";"ÏÏ ÊÈÇËßĞ";"";"";""
"https://reg.huntfishexpo.ru/e-catalogue/2026/view?idExh=37&action=detail&ident=4112";"ÏĞÀÊÒÈÊ-ÍÖ";"https://praktik-nc.ru";"8 800 500 40 62";"praktik@rusonar.ru"
"https://reg.huntfishexpo.ru/e-catalogue/2026/view?idExh=37&action=detail&ident=4307";"ÏĞÈÌÔÈØÈÍÃ";"http://primfishing.ru";"+79502805353";"zakaz@primfishing.ru"
"https://reg.huntfishexpo.ru/e-catalogue/2026/view?idExh=37&action=detail&ident=4556";"ÏĞÈŞÒ ÍÀÉÔÎÌÀÍÀ";"";"";""
"https://reg.huntfishexpo.ru/e-catalogue/2026/view?idExh=37&action=detail&ident=4461";"ÏĞÎÑÒÎ.ÍÎÆ";"https://prostonozh.ru";"89960663707";"prosto.nozh@yandex.ru"
"https://reg.huntfishexpo.ru/e-catalogue/2026/view?idExh=37&action=detail&ident=4548";"ÏĞÎÔÌÀĞÈÍ";"";"";""
"https://reg.huntfishexpo.ru/e-catalogue/2026/view?idExh=37&action=detail&ident=4163";"ÏÒÔ &quot;ÌÎĞÌÛØ&quot;";"https://xn--l1aafi5br.xn";"+79201635474";"sale@vido-craft.ru"
"https://reg.huntfishexpo.ru/e-catalogue/2026/view?idExh=37&action=detail&ident=4434";"ĞÊ ËÅÃÈÎÍ";"";"";""
"https://reg.huntfishexpo.ru/e-catalogue/2026/view?idExh=37&action=detail&ident=4182";"ĞÎÄÑÒÀĞÑ";"https://t.me/Rodstar";"";""
"https://reg.huntfishexpo.ru/e-catalogue/2026/view?idExh=37&action=detail&ident=4352";"ĞÎÇÀ ÂÅÒĞÎÂ";"";"";""
"https://reg.huntfishexpo.ru/e-catalogue/2026/view?idExh=37&action=detail&ident=4587";"ĞÎÑÎĞÓÆÈÅ";"";"";""
"https://reg.huntfishexpo.ru/e-catalogue/2026/view?idExh=37&action=detail&ident=4454";"ĞÎÑÑÈÉÑÊÈÉ ÁĞÓÑÎÊ";"";"";""
"https://reg.huntfishexpo.ru/e-catalogue/2026/view?idExh=37&action=detail&ident=4464";"ĞÓÑÑÊÈÉ ÁÓËÀÒ";"";"";""
"https://reg.huntfishexpo.ru/e-catalogue/2026/view?idExh=37&action=detail&ident=4164";"ĞÛÁÀËÈÊÀ";"http://tohha.fedotov";"+79292337100";"tohha.fedotov@yandex.ru"
"https://reg.huntfishexpo.ru/e-catalogue/2026/view?idExh=37&action=detail&ident=4100";"Ğûáàëêà ÎÏÒ";"";"";""
"https://reg.huntfishexpo.ru/e-catalogue/2026/view?idExh=37&action=detail&ident=4539";"ĞÛÁÀËŞÁ";"";"";""
"https://reg.huntfishexpo.ru/e-catalogue/2026/view?idExh=37&action=detail&ident=4412";"ĞÛÁÍÎÂÑÊÈÅ ÁË¨ÑÍÛ";"https://xn----9sbbcpcrpnnidxsh1moa.xn";"+79106247165";"rybnovskie-blesni@yandex.ru"
"https://reg.huntfishexpo.ru/e-catalogue/2026/view?idExh=37&action=detail&ident=4536";"Ğûáîëîâ-ğàñïğîäàæà";"";"";""
"https://reg.huntfishexpo.ru/e-catalogue/2026/view?idExh=37&action=detail&ident=4363";"Ğûáîëîâíàÿ áàçà &quot;Àìòî&quot;";"https://amtokam.ru";"+79245853535";"amto_fishing@mail.ru"
"https://reg.huntfishexpo.ru/e-catalogue/2026/view?idExh=37&action=detail&ident=4562";"Ğûáîëîâíàÿ áàçà «ÊÅËËÎÃ»";"https://kellogtour.ru";"89504314322";"ulanovalina2001@mail.ru"
"https://reg.huntfishexpo.ru/e-catalogue/2026/view?idExh=37&action=detail&ident=4365";"ÑÅÂÅĞ";"";"";""
"https://reg.huntfishexpo.ru/e-catalogue/2026/view?idExh=37&action=detail&ident=4173";"ÑÅÇÎÍ ĞÛÁÀËÊÈ";"http://fishsezon.ru";"";""
"https://reg.huntfishexpo.ru/e-catalogue/2026/view?idExh=37&action=detail&ident=4359";"Ñåëèíã Òóğ";"http://selingtour-kamchatka.com";"7 929 456 3004";"info@selingtour-kamctatka.com"
"https://reg.huntfishexpo.ru/e-catalogue/2026/view?idExh=37&action=detail&ident=4095";"Ñèáèğñêèé ìåäâåäü";"https://sibbear54.ru";"+79293855198";"sibbear2020@yandex.ru"
"https://reg.huntfishexpo.ru/e-catalogue/2026/view?idExh=37&action=detail&ident=4344";"ÑËÀÂÓÒÈ×";"https://lowrance-eholot.com";"+7(499) 288-04-23";"office@lowrance-eholot.com"
"https://reg.huntfishexpo.ru/e-catalogue/2026/view?idExh=37&action=detail&ident=4149";"Ñëåäîïûò";"http://sledopyt.net";"+78005553373";"info@sledopyt.net"
"https://reg.huntfishexpo.ru/e-catalogue/2026/view?idExh=37&action=detail&ident=4584";"Ñîì äà Ñàçàí";"";"";""
"https://reg.huntfishexpo.ru/e-catalogue/2026/view?idExh=37&action=detail&ident=4474";"Ñïåöïîëèìåğìàø";"";"";""
"https://reg.huntfishexpo.ru/e-catalogue/2026/view?idExh=37&action=detail&ident=4426";"ÑÏÓÒÍÈÊ";"";"";""
"https://reg.huntfishexpo.ru/e-catalogue/2026/view?idExh=37&action=detail&ident=4463";"ÑĞÅÄÑÒÂÀ ÇÀÒÎ×ÊÈ";"";"";""
"https://reg.huntfishexpo.ru/e-catalogue/2026/view?idExh=37&action=detail&ident=4330";"ÑÒÀĞËÀÉÒ";"";"";""
"https://reg.huntfishexpo.ru/e-catalogue/2026/view?idExh=37&action=detail&ident=4421";"Ñòóäèÿ îõîòíè÷üèõ òğîôååâ &quot;ÕÎÇßÈÍ&quot;";"";"";""
"https://reg.huntfishexpo.ru/e-catalogue/2026/view?idExh=37&action=detail&ident=4531";"Òàêòè÷åñêèå ğåøåíèÿ";"https://www.tdrussia.com";"+79251132139";"AntonKroujkov@yandex.ru"
"https://reg.huntfishexpo.ru/e-catalogue/2026/view?idExh=37&action=detail&ident=4131";"ÒÀËÈÑÌÀÍ ĞÛÁÀÊÀ";"http://www.talfish.ru";"";""
"https://reg.huntfishexpo.ru/e-catalogue/2026/view?idExh=37&action=detail&ident=4348";"Òâàÿíñêèé Áàçà Êàì÷àòêà";"";"";""
"https://reg.huntfishexpo.ru/e-catalogue/2026/view?idExh=37&action=detail&ident=4332";"ÒÅĞĞÈÒÎĞÈß ĞÛÁÀËÊÈ";"";"";""
"https://reg.huntfishexpo.ru/e-catalogue/2026/view?idExh=37&action=detail&ident=4346";"ÒÊ ÑÀÄÎÂÎÄ";"";"";""
"https://reg.huntfishexpo.ru/e-catalogue/2026/view?idExh=37&action=detail&ident=4106";"ÒÎÂÀĞÈÙÅÑÒÂÎ ÇÀÂÜßËÎÂÀ";"https://master-knives.ru";"+79200709999";"grostek.nn@me.com"
"https://reg.huntfishexpo.ru/e-catalogue/2026/view?idExh=37&action=detail&ident=4110";"ÒÎÍÀĞ";"http://www.tonar.su";"+7 (3852) 55-88-59";"opt7@tonar.su"
"https://reg.huntfishexpo.ru/e-catalogue/2026/view?idExh=37&action=detail&ident=4366";"ÒĞÈÅĞÀ";"https://lodki-rf.ru";"+79825832621";"triera-boat@mail.ru"
"https://reg.huntfishexpo.ru/e-catalogue/2026/view?idExh=37&action=detail&ident=4143";"ÒÓÍÄĞÀ ÑÏÁ";"";"";""
"https://reg.huntfishexpo.ru/e-catalogue/2026/view?idExh=37&action=detail&ident=4404";"ÒÓĞÈÑÒ";"";"";""
"https://reg.huntfishexpo.ru/e-catalogue/2026/view?idExh=37&action=detail&ident=4339";"ÒÓĞÊÎÌÏËÅÊÑ ÆÅËÅÇÍÛÅ ÂÎĞÎÒÀ";"http://mudyug.ru";"+79118755695";""
"https://reg.huntfishexpo.ru/e-catalogue/2026/view?idExh=37&action=detail&ident=4340";"ÒÓĞÊÎÌÏËÅÊÑ ÆÅËÅÇÍÛÅ ÂÎĞÎÒÀ";"";"";""
"https://reg.huntfishexpo.ru/e-catalogue/2026/view?idExh=37&action=detail&ident=4523";"ÓĞÌ ÀÍÈÊÀ";"";"";""
"https://reg.huntfishexpo.ru/e-catalogue/2026/view?idExh=37&action=detail&ident=4545";"ÓÒ¨Ñ";"https://utes41.ru";"+7 (961) 961-61-62";"utes41@yandex.ru"
"https://reg.huntfishexpo.ru/e-catalogue/2026/view?idExh=37&action=detail&ident=4551";"Ó×-ÑÓÌÅĞ";"http://uchsumer.ru";"88002225623";"uch-sumer@mail.ru"
"https://reg.huntfishexpo.ru/e-catalogue/2026/view?idExh=37&action=detail&ident=4540";"Ôàğãàç";"";"";""
"https://reg.huntfishexpo.ru/e-catalogue/2026/view?idExh=37&action=detail&ident=4425";"ÔÎĞÒÓÍÀ";"http://www.knifevkaif.ru";"+89092869820";"kystari-vorsma@mail.ru"
"https://reg.huntfishexpo.ru/e-catalogue/2026/view?idExh=37&action=detail&ident=4319";"ÕÎÓÒÅĞ";"";"";""
"https://reg.huntfishexpo.ru/e-catalogue/2026/view?idExh=37&action=detail&ident=4117";"ÕÑÍ";"http://hsn.ru";"+7 (8352) 31-73-71";"hsn@cbx.ru"
"https://reg.huntfishexpo.ru/e-catalogue/2026/view?idExh=37&action=detail&ident=4538";"Öåëü";"";"";""
"https://reg.huntfishexpo.ru/e-catalogue/2026/view?idExh=37&action=detail&ident=4310";"ÖİÊ";"";"";""
"https://reg.huntfishexpo.ru/e-catalogue/2026/view?idExh=37&action=detail&ident=4341";"İÊÎ-ÊËÀÁ ÂÎËÎ×ÅÊ";"";"";""
"https://reg.huntfishexpo.ru/e-catalogue/2026/view?idExh=37&action=detail&ident=4113";"İÊÎÁÅÉÒÑ";"";"";""
"https://reg.huntfishexpo.ru/e-catalogue/2026/view?idExh=37&action=detail&ident=4303";"İêîÔèø";"";"";""
"https://reg.huntfishexpo.ru/e-catalogue/2026/view?idExh=37&action=detail&ident=4468";"ßêóòñêèå ìàíêè ÊÛÍÀÒ";"http://mail.ru";"+79841035027";"kynatmanok@mail.ru"
