—сылка;Ќазвание;—айт;“елефон;Email
"https://www.diveshow.ru/1044/";"Addu Scuba Club Ч дайв-центр в ’итхадхоо (ћальдивы)";"";"+79152108117";"Info@adduscubaclub.ru"
"https://www.diveshow.ru/679/";"Agusta Eco Resort Ч дайв-резорт в »ндонезии";"http://www.agustaecoresort.com";"";"resortagusta@gmail.com"
"https://www.diveshow.ru/1246/";"Alien Diving Academy Ч дайвинг в “урции";"http://www.aliendivingacademy.com";"";"info@aliendivingacademy.com"
"https://www.diveshow.ru/858/";"Ammonite System Ч подводные системы освещени€";"";"";""
"https://www.diveshow.ru/aquadiscovery/";"Aquadiscovery Ч пошив и продажа подводного снар€жени€";"http://aquadiscovery.ru";"863) 264 32 32";""
"https://www.diveshow.ru/794/";"AquaTeam Ч пошив гидрокостюмов";"http://aquateam.shop";"";""
"https://www.diveshow.ru/1191/";"ATTRO Ч надувные аквапарки";"http://xn----7sbbaaicm0cmdzdovr3b.xn";"";""
"https://www.diveshow.ru/139/";"AV-UWT Ч электроника дл€ подводных погружений";"http://av-uwt.com";"+7 925 313 8062";"av@av-uwt.com"
"https://www.diveshow.ru/Avalon_Cuba/";"Avalon Cuba Ч дайв-сафари на  убе";"http://cubandivingcenters.com";"";""
"https://www.diveshow.ru/1252/";"BASILLION Ч особенные футболки";"http://www.basillion.com";"+7 925 639-63-57";"art.basillion@gmail.com"
"https://www.diveshow.ru/1084/";"Blackbird Ч снар€жение дл€ рекреационного и технического дайвинга";"";"";""
"https://www.diveshow.ru/473/";"Blue Horizon Ч дайв-сафари по ћальдивам";"http://www.blue-horizon.com";"";"Travel@blue-horizon.com.mv"
"https://www.diveshow.ru/1148/";"Blue Ocean Diving Center Ч дайв-центр в ћарса јлам, јбу ƒаббаб (≈гипет)";"https://www.blueocean-eg.com";"";"reservation@blueocean-eg.com"
"https://www.diveshow.ru/1192/";"Bohan Studio Ч интерьерные издели€ ручной работы";"";"";""
"https://www.diveshow.ru/847/";"BUNi Ч производство гидрокостюмов";"http://bunineopren.ru";"+7 911 920-81-26";"bunineopren@gmail.com"
"https://www.diveshow.ru/1045/";"Captain`s Mate Ч одежда и аксессуары";"http://www.captainsmate.ru";"";""
"https://www.diveshow.ru/1183/";"Classic Dive Ц дайвинг и дайв-сафари в  расном море (≈гипет)";"http://www.classicdive.com";"+7 (966) 000 35 11";"m@classicdive.com"
"https://www.diveshow.ru/coltri/";"Coltri";"";"";""
"https://www.diveshow.ru/DeLuna/";"Deluna Dive CenterЧ дайв-центр на ‘илиппинах";"http://www.deluna-diving.com";"+79671313042";"team@deluna-diving.com"
"https://www.diveshow.ru/1249/";"Dhiffushi Diving & Recreation Ч дайвинг на ћальдивах";"http://ddrmaldives.com";"+7 980 743 4241";"info@ddrmaldives.com"
"https://www.diveshow.ru/1195/";"Dive Indonesia Ч всЄ о дайвинге в »ндонезии";"http://dive-indonesia.co";"";"info@dive-indonesia.co.id"
"https://www.diveshow.ru/damai/";"DiveDamai Ч дайв-сафари (»ндонези€)";"http://dive-damai.com";"";"info@dive-damai.com"
"https://www.diveshow.ru/1120/";"Divers For Divers Ч сухие гидрокостюмы и утеплители";"http://divers4divers.ru";"+7 (916) 462-77-49";"divers4divers@mail.ru"
"https://www.diveshow.ru/diversea/";"DiverSea Ч дайв-центр в Ћиинахамари (Ѕаренцево море)";"http://diversea.ru";"";""
"https://www.diveshow.ru/1034/";"Divevolk Ч подводна€ св€зь";"http://www.divevolkdiving.com";"760 86893956";"it@divevolk.com"
"https://www.diveshow.ru/553/";"EASY DIVERS Ч дайв-центр в ≈гипте";"http://ezd.eazydivers";"";""
"https://www.diveshow.ru/1146/";"Explore Guraidhoo Ч Rosy Villa Ч дайвинг и отель на ћальдивах";"";"";""
"https://www.diveshow.ru/FINNSUB/";"FINNSUB Ч дайв-снар€жение";"http://www.finnsub.ru";"";""
"https://www.diveshow.ru/1222/";"Free Fall Ч школа фридайвинга";"http://freefall-lab.online";"";"info@freefall-lab.online"
"https://www.diveshow.ru/frogman/";"Frogman Ч Ђсухиеї гидрокостюмы российского производства";"http://frog-man.ru";"+7 (495) 656 56 82";"info@frog-man.ru"
"https://www.diveshow.ru/823/";"Fuvahmulah Dive School Ц Tiger Zoo Ц дайв-центр на ћальдивах";"http://www.fuvahmulahdive.com";"";""
"https://www.diveshow.ru/795/";"GlazamiDrona Ч подводные дроны";"http://www.glazamidrona.ru";"+7 (495) 409-84-69";"info@glazamidrona.ru"
"https://www.diveshow.ru/853/";"HAMMERFISH Ч пошив гидрокостюмов";"http://hammerfish.ru";"+7 901 970-73-15";"hammerfish@bk.ru"
"https://www.diveshow.ru/Henderson/";"Henderson Ч гидрокостюмы американского производства";"http://diveindustry.ru";"+7 (495) 221-56-46";"info@diveindustry.ru"
"https://www.diveshow.ru/1108/";"IACO Ч одежда дл€ спорта и серфинга";"http://iaco4u.ru";"";""
"https://www.diveshow.ru/KF/";"KF Ч аксессуары дл€ подводной охоты и фридайвинга";"http://kf-fish.ru";"+7 911 810 75 79";""
"https://www.diveshow.ru/983/";"LDR tec Ч производство и обслуживание подводного снар€жени€";"http://ldr-tec.ru";"+79104850298";""
"https://www.diveshow.ru/leaderfins/";"Leaderfins Ч ласты и моноласты";"http://www.leaderfins.com";"7255606041";"info@leaderfins.com"
"https://www.diveshow.ru/1061/";"Lucky Octopus. Ѕерлога Ўпатака Ч дайв-центр в ѕриморье";"";"7 984 157-07-40";"ashpatak@mail.ru"
"https://www.diveshow.ru/1126/";"Manta.club Ч дайв-сафари на ћальдивах";"http://manta.club";"";""
"https://www.diveshow.ru/1113/";"MARIS SPORTS (ZHONGQIAN) Ч снар€жение дл€ плавани€ и дайвинга";"";"";""
"https://www.diveshow.ru/614/";"Mr. Tonga Ч фридайвинг с китами";"http://whales-tonga.com";"";""
"https://www.diveshow.ru/1056/";"Narwhal Technology (Dongguan, HOTDIVE) Ч дайв-снар€жение ( итай)";"http://www.hotdive.cn";"769-82759189";"team@hotdive.cn"
"https://www.diveshow.ru/1086/";"Nautilus Liveaboards Ч дайв-сафари (ћексика,  оста-–ика)";"http://nautilusliveaboards.com";"";""
"https://www.diveshow.ru/786/";"NDL (подсобное помещение)";"";"";""
"https://www.diveshow.ru/1194/";"Neptune Liveaboards Ч €хт-сафари в »ндонезии";"http://www.neptuneliveaboards.com";"";""
"https://www.diveshow.ru/1245/";"NORD DIVE Ч дайвинг в –”— ≈јЋј";"http://nord-dive.com";"+7(911)400 50 29";""
"https://www.diveshow.ru/1040/";"NS Dive Gear Ч Ђсухиеї гидрокостюмы российского производства";"http://nsdivegear.com";"";""
"https://www.diveshow.ru/1266/";"Ocean People Ч фридайв-туры к морским млекопитающим";"http://www.oceanpeople.pro";"";""
"https://www.diveshow.ru/okdive/";"OKDIVE Ч снар€жение, обучение, дайв-сафари";"http://www.okdive.ru";"+7 (812) 916-82-30";"sale@okdive.ru"
"https://www.diveshow.ru/1221/";"Open Water Challenge Ч инклюзивный дайв-клуб";"http://clubowc.website";"8(916)162-5086";"open.water.project.2015@gmail.com"
"https://www.diveshow.ru/332/";"OpenDive Ч подводное снар€жение";"http://www.open-dive.ru";"+7(495) 215-56-52";"info@opendive.ru"
"https://www.diveshow.ru/1033/";"ORCA SCHOOL Ч школа фридайвинга";"http://orcaschool.ru";"+7 9688641882";""
"https://www.diveshow.ru/padipadi/";"PADI Ч международна€ дайв-ассоциаци€";"http://www.padi.com";"+7 (499) 159-10-82";"padi@padi.ru"
"https://www.diveshow.ru/1015/";"PHITEN Ч тейпы, бандажи, суппорты";"http://phiten.ru";"";""
"https://www.diveshow.ru/424/";"Prodive (јкванавт) Ч снар€жение дл€ дайвинга";"http://prodive.ru";"+7(495)743-24-74";""
"https://www.diveshow.ru/1152/";"PT Queenesia Fleet indonesia";"http://www.Queenesiafleet.com";"";"Info@queenesiafleet.com"
"https://www.diveshow.ru/rEvo/";"rEvo Ч ребризеры";"http://diveindustry.ru";"+7 (495) 221-56-46";"info@diveindustry.ru"
"https://www.diveshow.ru/rudive/";"RuDIVE Ч дайв-туризм и обучение дл€ детей и взрослых";"http://dive.ru";"+7 (495) 925-77-99";"cm@dive.ru"
"https://www.diveshow.ru/571/";"SARBAGS";"http://sarbags.ru";"+7 (927) 148-24-94";"sarbags@yandex.ru"
"https://www.diveshow.ru/1133/";"Saudi Arabia Expedition Ч дайв-сафари в —аудовской јравии";"";"";""
"https://www.diveshow.ru/Scubapro/";"Scubapro Ч подводное снар€жение";"http://diveindustry.ru";"+7 (495) 221-56-46";"info@diveindustry.ru"
"https://www.diveshow.ru/790/";"SDI TDI ERDI Ч международна€ дайв-ассоциаци€";"http://tdisdi-russia.ru";"+7 925 507 4776";"office@tdisdi-russia.ru"
"https://www.diveshow.ru/sea_life/";"Sea Life Ч оборудование дл€ подводной фотосъЄмки";"http://diveindustry.ru";"+7 (495) 221-56-46";"info@diveindustry.ru"
"https://www.diveshow.ru/sea_cam/";"Seacam Ч оборудование дл€ подводной фотосъЄмки";"http://seacam.ru";"+7 (495) 221-56-46";"info@diveindustry.ru"
"https://www.diveshow.ru/1163/";"Seaskin Sports Goods (Shenzhen) Ч гидрокостюмы ( итай)";"http://www.seaskinwetsuit.com";"";""
"https://www.diveshow.ru/SeawolfDS/";"Seawolf Diving Safary Ч дайв-сафари в ≈гипте";"http://seawolf-safari.de";"+7 (916) 142-70-38";"kate@seawolf-diving.de"
"https://www.diveshow.ru/Shearwater/";"Shearwater Research Ч тримиксный компьютер дл€ технодайвинга";"http://diveindustry.ru";"+7 (495) 221-56-46";"info@diveindustry.ru"
"https://www.diveshow.ru/1074/";"Siso Dwana Dive Lodge Ч лодж и дайв-центр (ёј–)";"http://sisodwana.com";"";"info@sisodwana.co.za"
"https://www.diveshow.ru/654/";"SmartDive Ч утеплители, электрообогрев, обслуживание снар€жени€";"http://www.smartdive.ru";"+7 (916) 643-03-58";"smartdive@mail.ru"
"https://www.diveshow.ru/ssi/";"SSI Ч Scuba Schools International";"http://www.divessi.com";"+7 496 643 18 52";"russia@divessi.com"
"https://www.diveshow.ru/Subgear/";"Subgear Ч снар€жение дл€ дайвинга";"http://diveindustry.ru";"+7 (495) 221-56-46";"info@diveindustry.ru"
"https://www.diveshow.ru/sublife/";"Sublife Ч производитель подводного снар€жени€";"http://www.sublife.by";"+375 29 333 80 86";"sales.sublife@yandex.ru"
"https://www.diveshow.ru/tde/";"TDE Ч оборудование дл€ технодайвинга";"http://www.tde-rus.com";"";""
"https://www.diveshow.ru/1259/";"The Vision Ч дайв-сафари (ќман)";"http://thevision.om";"";""
"https://www.diveshow.ru/916/";"TigerSharkProfi Ч погружени€ с тигровыми акулами на ћальдивах";"http://tigersharkprofi.com";"";"bp.maldive@gmail.com"
"https://www.diveshow.ru/1260/";"Top Class Cruising Ч дайв-сафари (ћальдивы)";"http://www.topclasscruising.com";"";""
"https://www.diveshow.ru/877/";"Tourleader.club";"http://tourleader.club";"";""
"https://www.diveshow.ru/164/";"Vector Ч ружь€ дл€ подводной охоты";"";"";""
"https://www.diveshow.ru/Suunto/";"WATCHSPORT Suunto Garmin Ч девайсы дл€ спортсменов";"http://watchsport.ru";"8 (800) 600-89-92";""
"https://www.diveshow.ru/1110/";"Waterspace Ч клуб плавани€ и фридайвинга";"http://freedive.su";"+7 9134727046";"mishalap91@mail.ru"
"https://www.diveshow.ru/468/";"Whale Watching Russia, Team Trip";"";"";""
"https://www.diveshow.ru/1064/";"Xplorer Aquarius Safari Ч дайв-сафари по  расному морю (≈гипет)";"http://xplorer-redsea.com";"+7(980)214-99-44";"Eric@xplorer-redsea.com"
"https://www.diveshow.ru/912/";"јбсолют-“ур Ч дайв-туры по всему миру";"http://absolute-tour.com";"+7 931 397 7103";"reservations@absolute-tour.com"
"https://www.diveshow.ru/1196/";"јква-ƒон Ч центр подводного плавани€";"";"";""
"https://www.diveshow.ru/1050/";"јкваири Ч водолазное снар€жение";"http://www.aquairy.ru";"7 (968) 928-83-47";"nsk@aquairy.ru"
"https://www.diveshow.ru/alfaalfa/";"јльфа ÷ентр Ч дайв-центр PADI 5* IDC";"http://www.adive.ru";"+7 (495) 975-7053";"info@adive.ru"
"https://www.diveshow.ru/1049/";"Ѕелый тюлень Ч дайв-клуб PADI в —анкт-ѕетербурге";"http://whiteseal.club";"+7 (921) 938-1352";""
"https://www.diveshow.ru/748/";"¬кусотека Ч выездной устричный бар";"";"";""
"https://www.diveshow.ru/855/";"¬оронцовские сыры";"http://vorontsovcheeses.ru";"+7 925 507 72 52";"AV.VORONCOV@GMAIL.COM"
"https://www.diveshow.ru/602/";"√»ƒ–ј Ч пошив гидрокостюмов";"";"+79065782058";""
"https://www.diveshow.ru/841/";"√идравлик ѕро Ч гидравлические инструменты";"http://h-pro.ru";"+7 (495) 748-37-36";"h-pro@h-pro.ru"
"https://www.diveshow.ru/deepwreck/";"ƒайв√руз Ч грузы и грузовые системы и по€са";"";"+7-999-694-05-13";"2940513@mail.ru"
"https://www.diveshow.ru/diveindustriya/";"ƒайвиндустри€ Ч снар€жение дл€ дайвинга";"http://diveindustry.ru";"+7 (495) 221-56-46";"info@diveindustry.ru"
"https://www.diveshow.ru/divescuba/";"ƒайвскуба Ч мультибрендовый магазин подводного снар€жени€";"http://www.divescuba.ru";"+7(495)505-14-95";"mailbox@divescuba.ru"
"https://www.diveshow.ru/Nord-fishing/";"ƒальн€€ “итовка Ч дайв-центр на Ѕаренцевом море";"http://www.nord-fishing.ru";"8 902 130-23-70";""
"https://www.diveshow.ru/1136/";"ƒеликатесы  амчатки";"";"";""
"https://www.diveshow.ru/delta/";"ƒельта Ч рыболовна€ база отдыха ( азахстан, оз.Ѕалхаш)";"http://delta-fish.kz";"+7 705 777 47 37";"bilvg@bk.ru"
"https://www.diveshow.ru/106/";"ƒельфин Ч первый русский дайв-центр в Ўарм-Ёль-Ўейхе с 2001 г.";"http://www.dolphin-diving.ru";"";"dive@dolphin-diving.ru"
"https://www.diveshow.ru/1051/";"ƒ–ј√ќЌ  ќћѕ–≈——ќ– Ч производитель компрессорных установок";"";"+7 (901) 188-78-77";"info@dragon-compressor.ru"
"https://www.diveshow.ru/990/";"ƒЁћ  луб Ч база отдыха и дайв-центр в ѕриморье";"http://www.dem-club.ru";"";"info@dem-club.ru"
"https://www.diveshow.ru/828/";"∆урнал Ђѕредельна€ √лубинаї";"";"";""
"https://www.diveshow.ru/1212/";"«олотой Ћотос";"";"";""
"https://www.diveshow.ru/1011/";"»ар ѕро Ч спрей дл€ защиты ушей";"http://ear-pro.ru";"";""
"https://www.diveshow.ru/355/";"»мпульс Ч девайсы дл€ здоровь€ и красоты";"http://impulse-device.ru";"+7 499 394-55-68";"shop@impulse-device.ru"
"https://www.diveshow.ru/1053/";"»÷ Ђ√лубинаї Ч оборудование дл€ подводно-технических работ";"http://icglubina.ru";"+7 (495) 961-53-05";"info@icglubina.ru"
"https://www.diveshow.ru/785/";" апитан ѕоло Ч €хтенна€ школа";"http://captainpolo.ru";"+7(905)5553219";""
"https://www.diveshow.ru/kayuk/";" аюк Ч ружь€ дл€ подводной охоты";"http://www.kayuk.ru";"+375 29 6443303";"info@kayuk.ru"
"https://www.diveshow.ru/crocodile/";" луб  рокодил (Crocodile club) Ч дайв-туры по всему миру";"http://www.diveclub.ru";"+7(495) 127-72-52";"info@diveclub.ru"
"https://www.diveshow.ru/825/";" луб путешествий журнала ѕредельна€ глубина";"http://travel.pglubina";"";""
"https://www.diveshow.ru/208/";" узница Ќазарова ¬.¬. Ч ворсменские кованые ножи";"";"";""
"https://www.diveshow.ru/933/";"Ћавка √урмана Ч фермерска€ продукци€";"";"";""
"https://www.diveshow.ru/Maldiviana/";"ћальдивиана Ч туры на €хтах по ћальдивам";"http://maldives.ru";"+7 985 7831787";"diving@maldiviana.com"
"https://www.diveshow.ru/556/";"ћјЋя—ќ¬џ Ц сувениры из дерева";"";"";""
"https://www.diveshow.ru/607/";"ћегаѕаскаль Ч компрессоры дл€ заправки баллонов";"";"";""
"https://www.diveshow.ru/1128/";"ћЄд и медовуха Ч семейна€ пасека ¬оеводиных";"";"";""
"https://www.diveshow.ru/tourismcuba/";"ћинистерство туризма  убы";"http://www.cubatravel.tur";"";"cubaturismo@embacuba.ru"
"https://www.diveshow.ru/1233/";"ћир ѕодводной ќхоты Ч остров подводных охотников";"http://travel.podvoh";"";""
"https://www.diveshow.ru/1122/";"ћистер –исти Ч турбаза на Ѕаренцевом море";"http://misterristi.ru";"";""
"https://www.diveshow.ru/247/";"ћоре в моей голове Ч подарки ручной работы";"";"";""
"https://www.diveshow.ru/morskie_angely/";"ћорские ангелы Ч клуб подводного плавани€";"http://www.seaangels.ru";"+7 (495) 514-49-76";"club@seaangels.ru"
"https://www.diveshow.ru/838/";"Ќептун Ч журнал о подводном мире";"http://neptunworld.com";"";""
"https://www.diveshow.ru/Nereis.white.sea/";"Ќ≈–≈»— Ч дайв-центр на Ѕелом море";"http://www.nereis.ru";"+7 921 909 7457";"sany2906@gmail.com"
"https://www.diveshow.ru/608/";"Ќижегородский ћастер Ч издели€ из кожи";"https://www.kozhanrem.ru";"+7 920 013 39 75";"kozhanrem@yandex.ru"
"https://www.diveshow.ru/953/";"ќкеан Ч водолазное и подводное оборудование. ƒайвснар€жение";"http://www.ocvt.ru";"+7 499 322 8629";"opt@ocvt.ru"
"https://www.diveshow.ru/1150/";"ќ—“ Ч инженерна€ производственна€ компани€";"http://www.epc-ost.ru";"+7 (495) 105-97-99";"sale@epc-ost.ru"
"https://www.diveshow.ru/1267/";"ќ‘»— ќ–√јЌ»«ј“ќ–ј Ч ƒ»–≈ ÷»я ¬џ—“ј¬ »";"";"";""
"https://www.diveshow.ru/922/";"ѕарусна€ јкадеми€ Ч учебный центр";"http://yachtingacademy.ru";"+7 495 946 83 30";"info@yachtingacademy.ru"
"https://www.diveshow.ru/1176/";"ѕодводна€ творческа€ лаборатори€ Ќептун";"";"";""
"https://www.diveshow.ru/A130/";"ѕодводный компьютер A130";"http://a130.su";"+7 910 003-01-12";""
"https://www.diveshow.ru/1261/";"ѕонаехали Ч фотоохота на китов и арктический сноркелинг с китами";"";"+79211597779";"ponaehali51@gmail.com"
"https://www.diveshow.ru/801/";"ѕ“— Ч водолазное оборудование";"";"8-916-508-72-78";"info@neptunworld.com"
"https://www.diveshow.ru/706/";"–усский ƒайвинг ÷ентр";"http://r-diving.ru";"+7 (916) 614-58-67";"info@r-diving.ru"
"https://www.diveshow.ru/sadko/";"—јƒ ќ Ч дайвинг в  расном море на новом уровне!";"http://www.sadko.de";"8 910 403 05 79";"kuznad@yandex.ru"
"https://www.diveshow.ru/safari-tour/";"—афари “ур /Aggressor Fleet Ч дайв-сафари по всему миру";"http://www.safari-tour.com";"+7 (812) 985-38-74";"info@safari-tour.com"
"https://www.diveshow.ru/800/";"—кат-¬ит€зь Ч база отдыха на японском море";"http://skat-tour.ru";"8-908-992-06-06";"sale@skat-tour.ru"
"https://www.diveshow.ru/899/";"—мартдайв Ч подводна€ техника";"";"+7 (383) 247-89-93";"info@smartdive.com"
"https://www.diveshow.ru/stl/";"—“Ћ Ч медицинска€ техника";"http://www.stl-comp.ru";"+7-495-351-83-72";"office@stl-comp.ru"
"https://www.diveshow.ru/320/";"—“Ћ Ч медицинска€ техника";"http://www.stl-comp.ru";"+7-495-351-83-72";"office@stl-comp.ru"
"https://www.diveshow.ru/1161/";"“айгер Ч магазин подводного снар€жени€";"";"";""
"https://www.diveshow.ru/Tiger-DiveIn/";"“айгер Ч €хт-туры с подводной охотой и фридайвингом";"http://tiger-dive.ru";"+7-919-87-14-123";"tigerdive@mail.ru"
"https://www.diveshow.ru/662/";"“итовка Ч турбаза на Ѕаренцевом море";"http://titovkadive.ru";"+7 (921) 282-38-96";""
"https://www.diveshow.ru/1071/";"“ортуга Ч дайв-центр в —анкт-ѕетербурге";"http://tortuga-diving.ru";"+7 911 159 41 27";""
"https://www.diveshow.ru/tursio/";"“”–—»ќ";"http://www.tursio.org";"";""
"https://www.diveshow.ru/1023/";"”литки солнечных ’олмов Ч фаршированные улитки";"http://snailsofsunnyhills.ru";"+79250080890";""
"https://www.diveshow.ru/586/";"‘едераци€ подводного спорта –оссии";"http://www.ruf.ru";"";""
"https://www.diveshow.ru/freddiving/";"‘едераци€ ‘ридайвинга";"http://www.freediving.ru";"+7 925 452-75-66";"info@freediving.ru"
"https://www.diveshow.ru/1111/";"‘отовыставка";"";"+7 916 659 93 47";"gudzev_foto@mail.ru"
"https://www.diveshow.ru/1199/";"‘отовыставка";"";"";""
"https://www.diveshow.ru/1020/";"‘отовыставка ≈вгени€ ћарочкина";"";"";""
"https://www.diveshow.ru/1107/";"‘ќ“ќЋјЅ.–”";"http://www.fotolab.ru";"";""
"https://www.diveshow.ru/1165/";"÷ентр ¬одолазной ѕодготовки";"http://centr-vodolaznoi-podgotovki.ru";"";"vodolaz_centr@mail.ru"
"https://www.diveshow.ru/1144/";"÷ентр морского права Ч обучение судоводителей";"http://www.sea-law.ru";"+7 495 613-55-55";"post@sea-law.ru"
"https://www.diveshow.ru/1041/";"„ас ѕик Ч стимпанк аксессуары";"";"+7 (922) 233-35-22";""
"https://www.diveshow.ru/1027/";"„астна€ —ыроварн€ є1 Ч фермерские сыры";"http://1cheesepremium.ru";"";""
"https://www.diveshow.ru/1024/";"Ўанежка Ч традиционна€ северна€ выпечка";"";"";""
"https://www.diveshow.ru/857/";"Ўкола по фридайвингу им. Ќатальи ћолчановой";"http://molchanova.school";"";""
"https://www.diveshow.ru/marselia_star/";"яхта Marselia Star - организаци€ дайвинг и рыболовных сафари на ћальдивах";"http://marselia-maldives.com";"+7 (964) 377-25-87";"olga@marselia-maldives.com"
